Source,Target
henriquemenezes,tarruda
paulolieuthier,tarruda
meiralins,tarruda
dapine,tarruda
spider8,tarruda
luanfonceca,joselitojunior1
renatooliveira,joselitojunior1
talitaoliveira,joselitojunior1
pcstl,joselitojunior1
diegonvs,joselitojunior1
karlafalcao,joselitojunior1
embs,joselitojunior1
mauriciomanoel,joselitojunior1
arthurmichel,joselitojunior1
meiralins,joselitojunior1
mirjahal,joselitojunior1
ThaisaMirely,joselitojunior1
peaonunes,joselitojunior1
Cisneiros,joselitojunior1
paulomenezes,joselitojunior1
grodrigues,joselitojunior1
thiagotargino,joselitojunior1
witerbino,joselitojunior1
levisaturnino,joselitojunior1
andreximenes,joselitojunior1
evertonpessoa,joselitojunior1
dayvisons,joselitojunior1
esdrascavalcs,joselitojunior1
andreguigo,joselitojunior1
simoneas02,mairatma
henvic,mairatma
brunocoelho,mairatma
henriquemenezes,mairatma
andrewesteves,mairatma
diegonvs,mairatma
karlafalcao,mairatma
patrickrbc,mairatma
alexpessoajr,mairatma
iagobelo,mairatma
pereiragislene,mairatma
meiralins,mairatma
pedroqueiroz,mairatma
filipewl,mairatma
grodrigues,mairatma
aperrelli,mairatma
tcostam,mairatma
albertmourato,mairatma
fmm,mairatma
brunover,mairatma
luanfonceca,marcelcaraciolo
gileno,marcelcaraciolo
filipeximenes,marcelcaraciolo
renatooliveira,marcelcaraciolo
fjsj,marcelcaraciolo
arthuralvim,marcelcaraciolo
henriquemenezes,marcelcaraciolo
karlafalcao,marcelcaraciolo
patrickrbc,marcelcaraciolo
thiagoarrais,marcelcaraciolo
filipevarjao,marcelcaraciolo
victorcarrico,marcelcaraciolo
brunnogomes,marcelcaraciolo
irgmedeiros,marcelcaraciolo
lipse,marcelcaraciolo
Gustavomagalhaes,marcelcaraciolo
daniellqueiroz,marcelcaraciolo
lauromoura,marcelcaraciolo
guilhermepaiva,marcelcaraciolo
nielsonsantana,marcelcaraciolo
geocarvalho,marcelcaraciolo
tcostam,marcelcaraciolo
wellington16,marcelcaraciolo
klebercode,marcelcaraciolo
jamissonfreitas,marcelcaraciolo
angelobrito,marcelcaraciolo
hugoesb,marcelcaraciolo
joaosantana,marcelcaraciolo
wbgalvao,marcelcaraciolo
deividazevedo2,luanfonceca
gileno,luanfonceca
filipeximenes,luanfonceca
renatooliveira,luanfonceca
fjsj,luanfonceca
fernandogrd,luanfonceca
arthuralvim,luanfonceca
dmesquita,luanfonceca
meiralins,luanfonceca
klebercode,luanfonceca
luanfonceca,deividazevedo2
marcelcaraciolo,gileno
luanfonceca,gileno
filipeximenes,gileno
renatooliveira,gileno
fjsj,gileno
fernandogrd,gileno
arthuralvim,gileno
thiagodiniz,gileno
chocoelho,gileno
dvro,gileno
patrickrbc,gileno
brunnogomes,gileno
irgmedeiros,gileno
lipse,gileno
araujoraphael,gileno
juliosmelo,gileno
wellington16,gileno
matheuslins,gileno
klebercode,gileno
hugoesb,gileno
FilipelIOn,gileno
WesleyJw,gileno
progerbr,gileno
ktquez,simoneas02
talitaoliveira,simoneas02
pcstl,simoneas02
karlafalcao,simoneas02
mayrarabelo,simoneas02
iagobelo,simoneas02
ramonsantos,simoneas02
Suburbanno,simoneas02
alexjosesilva,simoneas02
WandersonAlves,simoneas02
TigerRobocop,simoneas02
leonardooo,simoneas02
filipewl,simoneas02
grodrigues,simoneas02
JohnsonMauro,simoneas02
Allansantosdefreitas,simoneas02
ronaldoveras,simoneas02
eltonrufino,simoneas02
witerbino,simoneas02
giuliosa,simoneas02
alicexmelo,simoneas02
karollmm,simoneas02
silvinhamorais,simoneas02
tiagocalisto,simoneas02
rafamelima,simoneas02
mikeliguedes,simoneas02
luanfonceca,filipeximenes
gileno,filipeximenes
renatooliveira,filipeximenes
luiztiago,filipeximenes
fernandocastor,filipeximenes
fjsj,filipeximenes
brunocoelho,filipeximenes
arthuralvim,filipeximenes
guilhermefarias,filipeximenes
guiocavalcanti,filipeximenes
roselmamendes,filipeximenes
dakerfp,filipeximenes
eduardocruz,filipeximenes
chocoelho,filipeximenes
dvro,filipeximenes
patrickrbc,filipeximenes
victorcarrico,filipeximenes
irgmedeiros,filipeximenes
vanessa,filipeximenes
mateusrevoredo,filipeximenes
meiralins,filipeximenes
lipse,filipeximenes
felipefarias,filipeximenes
nielsonsantana,filipeximenes
rcbop,filipeximenes
chicofilho,filipeximenes
wellington16,filipeximenes
matheuslins,filipeximenes
filipe0513,filipeximenes
andersonberg,filipeximenes
amandasavluchinske,filipeximenes
klebercode,filipeximenes
hugobessa,filipeximenes
antoniocorreia,filipeximenes
victoracioli,filipeximenes
diegobarcelar,filipeximenes
warkentien2,filipeximenes
joselitojunior1,renatooliveira
luanfonceca,renatooliveira
gileno,renatooliveira
filipeximenes,renatooliveira
luiztiago,renatooliveira
fernandocastor,renatooliveira
fjsj,renatooliveira
brunocoelho,renatooliveira
arthuralvim,renatooliveira
guiocavalcanti,renatooliveira
roselmamendes,renatooliveira
thiagodiniz,renatooliveira
chocoelho,renatooliveira
karlafalcao,renatooliveira
dvro,renatooliveira
embs,renatooliveira
patrickrbc,renatooliveira
filipevarjao,renatooliveira
victorcarrico,renatooliveira
brunnogomes,renatooliveira
irgmedeiros,renatooliveira
meiralins,renatooliveira
lipse,renatooliveira
araujoraphael,renatooliveira
isabarros,renatooliveira
klebercode,renatooliveira
hugobessa,renatooliveira
marcelolima,renatooliveira
antoniocorreia,renatooliveira
felipesotero,renatooliveira
rmd2,renatooliveira
adailsonfilho,renatooliveira
hugoesb,renatooliveira
joaoluizdhv,renatooliveira
filipeximenes,luiztiago
renatooliveira,luiztiago
henvic,luiztiago
fjsj,luiztiago
brunocoelho,luiztiago
guilhermefarias,luiztiago
deyvisonrocha,luiztiago
patrickrbc,luiztiago
arthurmichel,luiztiago
sergiohampel,luiztiago
lucascmelo,luiztiago
paulinhoerry,luiztiago
thiagotargino,luiztiago
viniciusgalvao,luiztiago
marcoshmendes,luiztiago
ivanAndrade,luiztiago
dmente03,luiztiago
fraposo,luiztiago
italoj,luiztiago
joselitojunior1,fernandocastor
filipeximenes,fernandocastor
renatooliveira,fernandocastor
henvic,fernandocastor
fjsj,fernandocastor
arthuralvim,fernandocastor
guiocavalcanti,fernandocastor
pcstl,fernandocastor
horaciojcfilho,fernandocastor
victorlaerte,fernandocastor
henriquemenezes,fernandocastor
jeandersonbc,fernandocastor
karlafalcao,fernandocastor
dvro,fernandocastor
embs,fernandocastor
filipevarjao,fernandocastor
victorcarrico,fernandocastor
irgmedeiros,fernandocastor
omailson,fernandocastor
ThaisaMirely,fernandocastor
peaonunes,fernandocastor
foolOnTheHill,fernandocastor
atriciasabino,fernandocastor
caionovaes,fernandocastor
rcbop,fernandocastor
gabrieldluca,fernandocastor
felipealencar,fernandocastor
macm3,fernandocastor
Leviterus,fernandocastor
rafaelfvcs,fernandocastor
mangueBit,fernandocastor
heitorpaceli,fernandocastor
gilesv,fernandocastor
aacgn,fernandocastor
eduardosm7,fernandocastor
dayvisons,fernandocastor
esdrascavalcs,fernandocastor
rodrigodma,fernandocastor
itamarsilva,fernandocastor
claudiopacheco,fernandocastor
thomascristanis,fernandocastor
adsonxzx,fernandocastor
pabloneves,fernandocastor
joaoMonte,fernandocastor
arthurmagno,fernandocastor
douglasventura,fernandocastor
henriquemenezes,ac-pm
rcbop,ac-pm
andremelo87,ac-pm
jhdavino,ac-pm
mairatma,henvic
luiztiago,henvic
fjsj,henvic
brunocoelho,henvic
arthuralvim,henvic
guilhermefarias,henvic
guiocavalcanti,henvic
interaminense,henvic
victorlaerte,henvic
diegonvs,henvic
gvc,henvic
tomersimis,henvic
deyvisonrocha,henvic
patrickrbc,henvic
alexpessoajr,henvic
meiralins,henvic
hnka,henvic
lucascmelo,henvic
grodrigues,henvic
albertmourato,henvic
sfilhu,henvic
rafaelfvcs,henvic
lucasbiagini,henvic
FernandaLandim,henvic
cConectando,henvic
simoneas02,clovisdasilvaneto
guilhermefarias,clovisdasilvaneto
ktquez,clovisdasilvaneto
talitaoliveira,clovisdasilvaneto
interaminense,clovisdasilvaneto
diegonvs,clovisdasilvaneto
gallindo,clovisdasilvaneto
jordanamorais,clovisdasilvaneto
alexpessoajr,clovisdasilvaneto
arthurmichel,clovisdasilvaneto
rafaprax,clovisdasilvaneto
jeftarmascarenhas,clovisdasilvaneto
alinedoleron,clovisdasilvaneto
grodrigues,clovisdasilvaneto
adelmojnr,clovisdasilvaneto
JohnsonMauro,clovisdasilvaneto
lucianojsjr,clovisdasilvaneto
witerbino,clovisdasilvaneto
manoelcyreno,clovisdasilvaneto
dashdanilo,clovisdasilvaneto
xewertonfilipe,clovisdasilvaneto
klaytondeoliveira,clovisdasilvaneto
VictorManoel,clovisdasilvaneto
luanfonceca,fjsj
deividazevedo2,fjsj
gileno,fjsj
filipeximenes,fjsj
renatooliveira,fjsj
brunocoelho,fjsj
fernandogrd,fjsj
arthuralvim,fjsj
thiagodiniz,fjsj
chocoelho,fjsj
dvro,fjsj
embs,fjsj
patrickrbc,fjsj
victorcarrico,fjsj
irgmedeiros,fjsj
vanessa,fjsj
meiralins,fjsj
felipefarias,fjsj
rcbop,fjsj
amandasavluchinske,fjsj
hugobessa,fjsj
tiagollalmeida,fjsj
henriquemenezes,zimmerle
lipse,zimmerle
mairatma,brunocoelho
filipeximenes,brunocoelho
renatooliveira,brunocoelho
luiztiago,brunocoelho
henvic,brunocoelho
guilhermefarias,brunocoelho
brunobasto,brunocoelho
thiagodiniz,brunocoelho
gallindo,brunocoelho
lmarinho,brunocoelho
dudurocha,brunocoelho
victoracioli,brunocoelho
PedroHPVieira,brunocoelho
marcelcaraciolo,fernandogrd
luanfonceca,fernandogrd
gileno,fernandogrd
filipeximenes,fernandogrd
renatooliveira,fernandogrd
fjsj,fernandogrd
arthuralvim,fernandogrd
guiocavalcanti,fernandogrd
dakerfp,fernandogrd
patrickrbc,fernandogrd
filipevarjao,fernandogrd
brunnogomes,fernandogrd
irgmedeiros,fernandogrd
wellington16,fernandogrd
klebercode,fernandogrd
hugoesb,fernandogrd
renanalencar,fernandogrd
jeandersonbc,adrielcafe
casevictor,adrielcafe
AJS99,adrielcafe
BenjamimRodrigo,adrielcafe
marcelcaraciolo,arthuralvim
luanfonceca,arthuralvim
deividazevedo2,arthuralvim
gileno,arthuralvim
filipeximenes,arthuralvim
renatooliveira,arthuralvim
fjsj,arthuralvim
alsmoreira,arthuralvim
rasoliveira,arthuralvim
brunnogomes,arthuralvim
irgmedeiros,arthuralvim
meiralins,arthuralvim
victorfsf,arthuralvim
nielsonsantana,arthuralvim
ericbbraga,arthuralvim
pernambucano,arthuralvim
matheuslins,arthuralvim
arineto,arthuralvim
jamissonfreitas,arthuralvim
felipesotero,arthuralvim
tuliocpbs,arthuralvim
filipehsilva,arthuralvim
interaminense,paulorec
victorlaerte,paulorec
jordanamorais,paulorec
alexpessoajr,paulorec
inacionery,paulorec
rafaprax,paulorec
eudesll,paulorec
tobiasparaiso,paulorec
simoneas02,guilhermefarias
filipeximenes,guilhermefarias
luiztiago,guilhermefarias
henvic,guilhermefarias
clovisdasilvaneto,guilhermefarias
brunocoelho,guilhermefarias
talitaoliveira,guilhermefarias
karlafalcao,guilhermefarias
deyvisonrocha,guilhermefarias
patrickrbc,guilhermefarias
arthurmichel,guilhermefarias
gcaraciolo,guilhermefarias
jeftarmascarenhas,guilhermefarias
sergiohampel,guilhermefarias
lucascmelo,guilhermefarias
yeltsin,guilhermefarias
paulinhoerry,guilhermefarias
ronaldoveras,guilhermefarias
viniciusgalvao,guilhermefarias
marcoshmendes,guilhermefarias
ivanAndrade,guilhermefarias
lucianojsjr,guilhermefarias
viniciuspolux,guilhermefarias
joaopaulosama,guilhermefarias
agcloud,guilhermefarias
andreximenes,guilhermefarias
deividazevedo2,ktquez
oliveriojnn,ktquez
saulobr88,ktquez
henvic,brunofarache
interaminense,brunofarache
victorlaerte,brunofarache
marcellustavares,brunofarache
alexpessoajr,brunofarache
HaysaRodrigues,brunofarache
pedroqueiroz,brunofarache
sgosantos,brunofarache
aperrelli,brunofarache
albertmourato,brunofarache
igoriols,brunofarache
ledebour,brunofarache
josealbino,brunofarache
arthuralvim,alsmoreira
alexpessoajr,alsmoreira
eudesll,alsmoreira
Allansantosdefreitas,alsmoreira
valterh4ck3r,alsmoreira
ArthurLCastro,alsmoreira
heitorpaceli,alsmoreira
ThomasSousa96,alsmoreira
andersonpe,alsmoreira
felypenery,alsmoreira
jcrbsa,alsmoreira
silvajonathan,alsmoreira
wagnerbit,alsmoreira
andredidier,alsmoreira
wsena,alsmoreira
simoneas02,talitaoliveira
paulorec,talitaoliveira
guilhermefarias,talitaoliveira
interaminense,talitaoliveira
victorlaerte,talitaoliveira
jonathanslima,talitaoliveira
WandersonAlves,talitaoliveira
matheusFTC,talitaoliveira
andersongns,talitaoliveira
grodrigues,talitaoliveira
JohnsonMauro,talitaoliveira
patomarques,talitaoliveira
evertonpessoa,talitaoliveira
yeltsinseal,talitaoliveira
luanfonceca,lailsonbm
gileno,lailsonbm
filipeximenes,lailsonbm
renatooliveira,lailsonbm
fjsj,lailsonbm
brunocoelho,lailsonbm
arthuralvim,lailsonbm
guiocavalcanti,lailsonbm
thiagodiniz,lailsonbm
gvc,lailsonbm
dvro,lailsonbm
embs,lailsonbm
patrickrbc,lailsonbm
brunnogomes,lailsonbm
mayrarabelo,lailsonbm
lmarinho,lailsonbm
hamorim,lailsonbm
lipse,lailsonbm
araujoraphael,lailsonbm
guilhermepaiva,lailsonbm
rsilvabr,lailsonbm
isabarros,lailsonbm
tacionery,lailsonbm
luizpaulogodoy,lailsonbm
fernandopereira,lailsonbm
victoracioli,lailsonbm
willfelix,lailsonbm
GeneseLessa,lailsonbm
dmente03,lailsonbm
fracmt,lailsonbm
luanfonceca,dmesquita
mayrarabelo,dmesquita
Jemesson,dmesquita
lmarinho,lmmenge
brunocoelho,brunobasto
paulorec,brunobasto
interaminense,brunobasto
victorlaerte,brunobasto
diegonvs,brunobasto
marcellustavares,brunobasto
patrickrbc,brunobasto
alexpessoajr,brunobasto
inacionery,brunobasto
rafaprax,brunobasto
pedroqueiroz,brunobasto
aperrelli,brunobasto
deividazevedo2,guiocavalcanti
filipeximenes,guiocavalcanti
renatooliveira,guiocavalcanti
henvic,guiocavalcanti
fernandogrd,guiocavalcanti
arthuralvim,guiocavalcanti
henriquemenezes,guiocavalcanti
karlafalcao,guiocavalcanti
embs,guiocavalcanti
filipevarjao,guiocavalcanti
brunnogomes,guiocavalcanti
paulolieuthier,guiocavalcanti
hamorim,guiocavalcanti
arthurms,guiocavalcanti
lipse,guiocavalcanti
peaonunes,guiocavalcanti
rsilvabr,guiocavalcanti
fltiago,guiocavalcanti
filipewl,guiocavalcanti
tacionery,guiocavalcanti
soikmd2,guiocavalcanti
dmente03,guiocavalcanti
danilosoares,guiocavalcanti
matheusmmx,guiocavalcanti
adozrocha,guiocavalcanti
fernandocastor,pcstl
horaciojcfilho,pcstl
karlafalcao,pcstl
meiralins,pcstl
hpbl,pcstl
rodolfoestevam,pcstl
pcstl,horaciojcfilho
embs,horaciojcfilho
foolOnTheHill,horaciojcfilho
hpbl,horaciojcfilho
caionovaes,horaciojcfilho
paulomenezes,horaciojcfilho
AleffHenrique,horaciojcfilho
felipebagetti,horaciojcfilho
deividazevedo2,roselmamendes
simoneas02,roselmamendes
renatooliveira,roselmamendes
rasoliveira,roselmamendes
karlafalcao,roselmamendes
brunovpl,roselmamendes
johanngomes,roselmamendes
patomarques,roselmamendes
roselmamendestw,roselmamendes
roMendes,roselmamendes
marcelcaraciolo,dakerfp
luanfonceca,dakerfp
renatooliveira,dakerfp
henvic,dakerfp
fjsj,dakerfp
brunocoelho,dakerfp
fernandogrd,dakerfp
arthuralvim,dakerfp
henriquemenezes,dakerfp
dvro,dakerfp
embs,dakerfp
filipevarjao,dakerfp
julianalucena,dakerfp
lipse,dakerfp
lauromoura,dakerfp
nielsonsantana,dakerfp
hugoesb,dakerfp
paulorec,interaminense
talitaoliveira,interaminense
victorlaerte,interaminense
diegonvs,interaminense
jordanamorais,interaminense
alexpessoajr,interaminense
HaysaRodrigues,interaminense
inacionery,interaminense
rafaprax,interaminense
eudesll,interaminense
alinedoleron,interaminense
grodrigues,interaminense
tobiasparaiso,interaminense
flaubert165,interaminense
paulorec,victorlaerte
talitaoliveira,victorlaerte
interaminense,victorlaerte
diegonvs,victorlaerte
jordanamorais,victorlaerte
alexpessoajr,victorlaerte
HaysaRodrigues,victorlaerte
leopoldomt,victorlaerte
inacionery,victorlaerte
rafaprax,victorlaerte
eudesll,victorlaerte
albertmourato,victorlaerte
allanragec,victorlaerte
tobiasparaiso,victorlaerte
marcelcaraciolo,eduardocruz
filipeximenes,eduardocruz
fjsj,eduardocruz
arthuralvim,eduardocruz
patrickrbc,eduardocruz
evandroabreu,eduardocruz
marcelcaraciolo,henriquemenezes
dvro,henriquemenezes
brunnogomes,henriquemenezes
AbrantesMar,henriquemenezes
tcostam,henriquemenezes
igoriols,henriquemenezes
luizpaulogodoy,henriquemenezes
henriquemenezes,diegocarloslima
talitaoliveira,jonathanslima
matheusFTC,jonathanslima
andersongns,jonathanslima
feliciosan,jonathanslima
lrsilva,jonathanslima
luanfonceca,thiagodiniz
filipeximenes,thiagodiniz
renatooliveira,thiagodiniz
fjsj,thiagodiniz
brunocoelho,thiagodiniz
arthuralvim,thiagodiniz
guiocavalcanti,thiagodiniz
eduardocruz,thiagodiniz
henriquemenezes,thiagodiniz
patrickrbc,thiagodiniz
lipse,thiagodiniz
guilhermepaiva,thiagodiniz
guilhermebm,thiagodiniz
fernandopereira,thiagodiniz
filipe0513,thiagodiniz
kassioribeiro,thiagodiniz
interaminense,diegonvs
victorlaerte,diegonvs
jordanamorais,diegonvs
alexpessoajr,diegonvs
HaysaRodrigues,diegonvs
itsmealves,diegonvs
inacionery,diegonvs
alinedoleron,diegonvs
grodrigues,diegonvs
albertmourato,diegonvs
MauricioLimaJR,diegonvs
renatohlf,diegonvs
BernardoHazin,diegonvs
clovisdasilvaneto,gallindo
brunocoelho,gallindo
inacionery,gallindo
rafaprax,gallindo
aperrelli,gallindo
henriquemc,gallindo
gtgsantos,gallindo
arcelo,gallindo
gugaemc,gallindo
gileno,gvc
filipeximenes,gvc
renatooliveira,gvc
henvic,gvc
fjsj,gvc
brunocoelho,gvc
arthuralvim,gvc
guiocavalcanti,gvc
dvro,gvc
embs,gvc
lmarinho,gvc
lipse,gvc
araujoraphael,gvc
guilhermepaiva,gvc
filipewl,gvc
isabarros,gvc
lbrito1,gvc
fernandopereira,gvc
dmente03,gvc
simoneas02,jeandersonbc
leopoldomt,jeandersonbc
luishmelo,jeandersonbc
fernandocastor,pauloborba
henvic,pauloborba
paulorec,pauloborba
horaciojcfilho,pauloborba
victorlaerte,pauloborba
henriquemenezes,pauloborba
jeandersonbc,pauloborba
karlafalcao,pauloborba
dvro,pauloborba
embs,pauloborba
leopoldomt,pauloborba
PedroRossi,pauloborba
macm3,pauloborba
thaisabr,pauloborba
Gabisampaio,pauloborba
thomascristanis,pauloborba
deividazevedo2,rasoliveira
arthuralvim,rasoliveira
roselmamendes,rasoliveira
raquelguimaraes,rasoliveira
raony,rasoliveira
johanngomes,rasoliveira
Bonifacio2,rasoliveira
arthuralvim,chocoelho
vanessa,chocoelho
amandasavluchinske,chocoelho
hugobessa,chocoelho
karlafalcao,douglaslira
tuliohmendes,douglaslira
AbrantesMar,douglaslira
fehaa,douglaslira
joaopaulosama,douglaslira
arthuralvim,karlafalcao
guiocavalcanti,karlafalcao
tuliohmendes,karlafalcao
dayvsonlima,karlafalcao
hamorim,karlafalcao
FranciscoMarinho,karlafalcao
fecalemos,karlafalcao
tpmarcs,karlafalcao
manunejaim,karlafalcao
esdrascavalcs,karlafalcao
Drez3a,karlafalcao
henvic,tomersimis
peaonunes,tomersimis
caionovaes,tomersimis
acmh,tomersimis
macm3,tomersimis
lapl,tomersimis
jpedrocm,tomersimis
pedrovsra,tomersimis
brunobasto,marcellustavares
guiocavalcanti,marcellustavares
interaminense,marcellustavares
victorlaerte,marcellustavares
patrickrbc,marcellustavares
alexpessoajr,marcellustavares
inacionery,marcellustavares
rafaprax,marcellustavares
pedroqueiroz,marcellustavares
aperrelli,marcellustavares
henriquemc,marcellustavares
gileno,dvro
renatooliveira,dvro
fjsj,dvro
henriquemenezes,dvro
guilhermepaiva,dvro
caionovaes,dvro
antoniocorreia,dvro
thypad,dvro
paulorec,jordanamorais
interaminense,jordanamorais
victorlaerte,jordanamorais
diegonvs,jordanamorais
alexpessoajr,jordanamorais
HaysaRodrigues,jordanamorais
iagobelo,jordanamorais
rafaprax,jordanamorais
cassiolpaixao90,jordanamorais
tobiasparaiso,jordanamorais
manoelcyreno,jordanamorais
guiocavalcanti,embs
horaciojcfilho,embs
filipevarjao,embs
brunnogomes,embs
filipewl,embs
dmente03,embs
esdrascavalcs,embs
luiztiago,deyvisonrocha
guilhermefarias,deyvisonrocha
yelken,deyvisonrocha
julihermes,deyvisonrocha
lucascmelo,deyvisonrocha
soikmd2,deyvisonrocha
renatoalvesdev,deyvisonrocha
filipeximenes,patrickrbc
renatooliveira,patrickrbc
luiztiago,patrickrbc
fjsj,patrickrbc
arthuralvim,patrickrbc
eduardocruz,patrickrbc
brunnogomes,patrickrbc
tcostam,patrickrbc
filipe0513,patrickrbc
marcelolima,patrickrbc
chocoelho,andresmachado
fernandocastor,vinicius3w
henvic,vinicius3w
jeandersonbc,vinicius3w
rbm4,vinicius3w
jbsn94,vinicius3w
gilesv,vinicius3w
aacgn,vinicius3w
eduardosm7,vinicius3w
Augusto94,vinicius3w
pedrojsn96,vinicius3w
ThiagoAquino,vinicius3w
leonardooo,thiagoarrais
marcelcaraciolo,filipevarjao
guiocavalcanti,filipevarjao
embs,filipevarjao
brunnogomes,filipevarjao
ThaisaMirely,filipevarjao
acmh,filipevarjao
tvarjao,filipevarjao
esdrascavalcs,filipevarjao
felipechaulet,filipevarjao
filipeximenes,victorcarrico
fjsj,victorcarrico
arthuralvim,victorcarrico
vanessa,victorcarrico
meiralins,victorcarrico
casevictor,victorcarrico
felipefarias,victorcarrico
amandasavluchinske,victorcarrico
ntocampos,victorcarrico
hamorim,brunolimawd
FranckAJ,brunolimawd
FranciscoMarinho,brunolimawd
marcoshmendes,brunolimawd
brunodutra,brunolimawd
andreximenes,brunolimawd
tiagoalsilva,brunolimawd
acmh,ovictoraurelio
ThiagoAugustoSM,ovictoraurelio
Leviterus,ovictoraurelio
jgfn1,ovictoraurelio
Valgueiro,ovictoraurelio
almdac,ovictoraurelio
aht360,ovictoraurelio
paulorec,alexpessoajr
alsmoreira,alexpessoajr
interaminense,alexpessoajr
victorlaerte,alexpessoajr
diegonvs,alexpessoajr
jordanamorais,alexpessoajr
inacionery,alexpessoajr
rafaprax,alexpessoajr
eudesll,alexpessoajr
alinedoleron,alexpessoajr
allanragec,alexpessoajr
tobiasparaiso,alexpessoajr
heitorpaceli,alexpessoajr
simoneas02,mauriciomanoel
giuliosa,mauriciomanoel
luiztiago,arthurmichel
guilhermefarias,arthurmichel
yelken,arthurmichel
sergiohampel,arthurmichel
tacionery,arthurmichel
marcoshmendes,arthurmichel
felipemarques8,arthurmichel
marcelcaraciolo,brunnogomes
gileno,brunnogomes
renatooliveira,brunnogomes
fernandogrd,brunnogomes
arthuralvim,brunnogomes
guiocavalcanti,brunnogomes
henriquemenezes,brunnogomes
embs,brunnogomes
patrickrbc,brunnogomes
filipevarjao,brunnogomes
lipse,brunnogomes
nielsonsantana,brunnogomes
fernandopereira,brunnogomes
simoneas02,mayrarabelo
dmesquita,mayrarabelo
lhaisrs,mayrarabelo
Suburbanno,mayrarabelo
dmente03,mayrarabelo
douglaslira,tuliohmendes
karlafalcao,tuliohmendes
dayvsonlima,tuliohmendes
gcaraciolo,tuliohmendes
luizlago,tuliohmendes
phbraga,tuliohmendes
carlosvictor,tuliohmendes
rubens73,tuliohmendes
roselmamendes,akshaykarle
roselmamendestw,akshaykarle
gileno,irgmedeiros
simoneas02,irgmedeiros
filipeximenes,irgmedeiros
renatooliveira,irgmedeiros
fjsj,irgmedeiros
arthuralvim,irgmedeiros
roselmamendes,irgmedeiros
rasoliveira,irgmedeiros
johanngomes,irgmedeiros
klebercode,irgmedeiros
esdrascavalcs,irgmedeiros
simoneas02,lhaisrs
mayrarabelo,lhaisrs
alexjosesilva,lhaisrs
rodolfoestevam,lhaisrs
Jemesson,lhaisrs
tiagocalisto,lhaisrs
bernardoreis,lhaisrs
deividazevedo2,HaysaRodrigues
interaminense,HaysaRodrigues
victorlaerte,HaysaRodrigues
diegonvs,HaysaRodrigues
jordanamorais,HaysaRodrigues
frankjuniorr,HaysaRodrigues
alexandreclayton,HaysaRodrigues
manoelcyreno,HaysaRodrigues
tamiresa,HaysaRodrigues
simoneas02,iagobelo
yelken,iagobelo
rodolfoestevam,iagobelo
Vitor0liveira,iagobelo
mauLeal,iagobelo
MaryCaroline,iagobelo
deyvisonrocha,yelken
iagobelo,yelken
rodolfoestevam,yelken
saulobr88,yelken
joaopaulosama,yelken
esdrascavalcs,yelken
draraujoo,yelken
sjcostaneto,ramonsantos
eltonrufino,ramonsantos
simoneas02,pereiragislene
roselmamendes,pereiragislene
irgmedeiros,pereiragislene
karlafalcao,dayvsonlima
alexpessoajr,dayvsonlima
tuliohmendes,dayvsonlima
hamorim,dayvsonlima
joseronierison,dayvsonlima
luizpaulogodoy,dayvsonlima
hugolhmartins,dayvsonlima
gileno,lmarinho
filipeximenes,lmarinho
renatooliveira,lmarinho
brunocoelho,lmarinho
arthuralvim,lmarinho
lailsonbm,lmarinho
lmmenge,lmarinho
thiagodiniz,lmarinho
gvc,lmarinho
embs,lmarinho
araujoraphael,lmarinho
dmente03,lmarinho
talitaoliveira,vanessa
interaminense,vanessa
amandasavluchinske,vanessa
eduardolsneto2,vanessa
alnp,vanessa
fernandocastor,paulolieuthier
pcstl,paulolieuthier
horaciojcfilho,paulolieuthier
tomersimis,paulolieuthier
peaonunes,paulolieuthier
caionovaes,paulolieuthier
mateusrevoredo,fchicout
sudorafa,fchicout
fchicout,mateusrevoredo
FranciscoMarinho,mateusrevoredo
ThomazFB,mateusrevoredo
marlosin,mateusrevoredo
deyvisonbm,mateusrevoredo
guiocavalcanti,hamorim
karlafalcao,hamorim
tpmarcs,hamorim
henriquemc,hamorim
jonatascp,hamorim
casevictor,RodrigoCastiel
bebetocf,RodrigoCastiel
phrps,RodrigoCastiel
simoneas02,frankjuniorr
HaysaRodrigues,frankjuniorr
yelken,frankjuniorr
FranciscoMarinho,frankjuniorr
ericbbraga,frankjuniorr
favasconcelos,frankjuniorr
lpmourato,frankjuniorr
lmyboy,frankjuniorr
victorlaerte,leopoldomt
jeandersonbc,leopoldomt
pauloborba,leopoldomt
dvro,leopoldomt
embs,leopoldomt
abelb0rges,leopoldomt
luishmelo,leopoldomt
albertmourato,leopoldomt
jhdavino,leopoldomt
ArthurLapprand,leopoldomt
Gabisampaio,leopoldomt
johanngomes,arthurms
brunocoelho,julianalucena
guiocavalcanti,julianalucena
embs,julianalucena
ThaisaMirely,julianalucena
peaonunes,julianalucena
fltiago,julianalucena
tacionery,julianalucena
aricardoreis,julianalucena
luanfonceca,meiralins
filipeximenes,meiralins
fjsj,meiralins
arthuralvim,meiralins
pcstl,meiralins
chocoelho,meiralins
victorcarrico,meiralins
hugobessa,meiralins
adrielcafe,casevictor
victorcarrico,casevictor
RodrigoCastiel,casevictor
meiralins,casevictor
pernambucano,casevictor
filipeximenes,lipse
zimmerle,lipse
guiocavalcanti,lipse
brunnogomes,lipse
daniellqueiroz,lipse
lauromoura,lipse
nielsonsantana,lipse
rafaelllins,lipse
pedroboudoux,marcosisocram
wagnerbeethoven,marcosisocram
luanfonceca,felipefarias
filipeximenes,felipefarias
fjsj,felipefarias
brunocoelho,felipefarias
chocoelho,felipefarias
vanessa,felipefarias
meiralins,felipefarias
amandasavluchinske,felipefarias
renatooliveira,omailson
brunocoelho,omailson
fernandogrd,omailson
arthuralvim,omailson
dvro,omailson
lauromoura,omailson
figueredo,omailson
fdsadat,omailson
willfelix,djalmaafilho
jonatascp,djalmaafilho
Jemesson,djalmaafilho
phsg,djalmaafilho
sflorencio,djalmaafilho
williambeto,mirjahal
luanoliveira1992,mirjahal
neryluc,mirjahal
mayrarabelo,ThaisaMirely
AbrantesMar,ThaisaMirely
ThomazFB,ThaisaMirely
rcbop,ThaisaMirely
rafaelgsm,ThaisaMirely
esdrascavalcs,ThaisaMirely
cConectando,ThaisaMirely
simoneas02,alexjosesilva
tomersimis,peaonunes
caionovaes,peaonunes
luishmelo,peaonunes
lvrma,peaonunes
dgmneto,peaonunes
macm3,peaonunes
lapl,peaonunes
diegonvs,itsmealves
cauannelinhares,itsmealves
MauricioLimaJR,itsmealves
renatohlf,itsmealves
paulapithon,itsmealves
albjoaov,itsmealves
leuthier,Gustavomagalhaes
danielcandidos,Gustavomagalhaes
MatheusUehara,Gustavomagalhaes
interaminense,inacionery
victorlaerte,inacionery
diegonvs,inacionery
alexpessoajr,inacionery
rafaprax,inacionery
pedroqueiroz,inacionery
jhdavino,inacionery
henvic,rpragana
lipse,rpragana
talitaoliveira,Cisneiros
pcstl,Cisneiros
henriquemenezes,Cisneiros
peaonunes,Cisneiros
caionovaes,Cisneiros
lapl,Cisneiros
pnasc,Cisneiros
dayvisons,Cisneiros
hnka,matheusmariano
pablostellet,matheusmariano
edunjr,matheusmariano
ignispider,matheusmariano
lipse,daniellqueiroz
gpb,daniellqueiroz
lhaisrs,caiobsouza
tomazhawkjr,caiobsouza
jonathasbsouza,caiobsouza
simoneas02,WandersonAlves
talitaoliveira,WandersonAlves
gcaraciolo,WandersonAlves
matheusFTC,WandersonAlves
cassiolpaixao90,WandersonAlves
fehaa,WandersonAlves
felipeisidorio,WandersonAlves
guuhh,WandersonAlves
viniciusmantero,WandersonAlves
antoniosj,eduardo-melo
rmd2,eduardo-melo
karlafalcao,FranciscoMarinho
frankjuniorr,FranciscoMarinho
thiagoolsilva,FranciscoMarinho
lpmourato,FranciscoMarinho
wallacethierre,FranciscoMarinho
paulorec,rafaprax
interaminense,rafaprax
victorlaerte,rafaprax
diegonvs,rafaprax
jordanamorais,rafaprax
alexpessoajr,rafaprax
inacionery,rafaprax
pedroqueiroz,rafaprax
simoneas02,felipedealbuquerque
jonathanslima,felipedealbuquerque
thiagoarrais,felipedealbuquerque
fecalemos,felipedealbuquerque
sfilhu,felipedealbuquerque
rodrigoperazzo,felipedealbuquerque
dmente03,felipedealbuquerque
andreximenes,felipedealbuquerque
celsonrd,felipedealbuquerque
gileno,araujoraphael
renatooliveira,araujoraphael
fjsj,araujoraphael
arthuralvim,araujoraphael
guiocavalcanti,araujoraphael
embs,araujoraphael
guilhermepaiva,araujoraphael
fernandopereira,araujoraphael
FilipelIOn,araujoraphael
vanessa,rvlb-19
RodrigoCastiel,rvlb-19
amandasavluchinske,rvlb-19
phrps,rvlb-19
mateusnbm,rvlb-19
mattvie,rvlb-19
pauloborba,herbertt
iagobelo,herbertt
lubarinobr,herbertt
thaisabr,herbertt
arthuralvim,victorfsf
matheuslins,victorfsf
marcelcaraciolo,lauromoura
lipse,lauromoura
nielsonsantana,lauromoura
interaminense,brandizzi
diegonvs,brandizzi
alexpessoajr,brandizzi
inacionery,brandizzi
pedroqueiroz,brandizzi
interaminense,pedroqueiroz
victorlaerte,pedroqueiroz
diegonvs,pedroqueiroz
alexpessoajr,pedroqueiroz
inacionery,pedroqueiroz
rafaprax,pedroqueiroz
AlexandreDiegoS,pedroqueiroz
horaciojcfilho,foolOnTheHill
caionovaes,foolOnTheHill
interaminense,cleydyr
diegonvs,cleydyr
karlafalcao,cleydyr
jordanamorais,cleydyr
embs,cleydyr
inacionery,cleydyr
filipeluiz,cleydyr
arthuralvim,setanta
henriquemenezes,setanta
thiagoarrais,setanta
lauromoura,setanta
henriquemenezes,AbrantesMar
fehaa,AbrantesMar
eduardobaia,AbrantesMar
keywilliams,AbrantesMar
simoneas02,TigerRobocop
talitaoliveira,TigerRobocop
interaminense,TigerRobocop
diegonvs,TigerRobocop
thiagoarrais,TigerRobocop
HaysaRodrigues,TigerRobocop
dayvsonlima,joseronierison
guuhh,joseronierison
dvro,guilhermepaiva
antoniocorreia,guilhermepaiva
adailsonfilho,guilhermepaiva
felipedemacedo,guilhermepaiva
roselmamendes,alvarocavalcanti
rasoliveira,alvarocavalcanti
roselmamendes,rcaval
rasoliveira,rcaval
karlafalcao,rcaval
thiagoprazeres,leuthier
wellington16,leuthier
brunapvasconcelos,leuthier
joaopaulosama,leuthier
FilipelIOn,leuthier
luanfonceca,andersonresende
fjsj,andersonresende
chocoelho,andersonresende
vanessa,andersonresende
meiralins,andersonresende
amandasavluchinske,andersonresende
pcstl,hpbl
horaciojcfilho,hpbl
paulorec,eudesll
alsmoreira,eudesll
interaminense,eudesll
victorlaerte,eudesll
alexpessoajr,eudesll
peaonunes,eudesll
heitorpaceli,eudesll
simoneas02,raquelguimaraes
roselmamendes,raquelguimaraes
jeandersonbc,raquelguimaraes
rasoliveira,raquelguimaraes
ktquez,oliveriojnn
talitaoliveira,oliveriojnn
tancredosouza,igormp
AugustoQueiroz,igormp
prximenes,igormp
PunishedBois,igormp
marcelcaraciolo,nielsonsantana
filipeximenes,nielsonsantana
arthuralvim,nielsonsantana
lipse,nielsonsantana
geocarvalho,nielsonsantana
jamissonfreitas,nielsonsantana
wbgalvao,nielsonsantana
diogocaetano,nielsonsantana
pcstl,rodolfoestevam
iagobelo,rodolfoestevam
mauLeal,rodolfoestevam
luhanlacerda,rodolfoestevam
claudvanbarret,rodolfoestevam
felipehmsilveira,rodolfoestevam
guilhermefarias,gcaraciolo
tuliohmendes,gcaraciolo
WandersonAlves,gcaraciolo
luizlago,gcaraciolo
marcoshmendes,gcaraciolo
tamiresa,gcaraciolo
clovisdasilvaneto,jeftarmascarenhas
talitaoliveira,jeftarmascarenhas
diegonvs,jeftarmascarenhas
JohnsonMauro,jeftarmascarenhas
zecafeitosa,jeftarmascarenhas
witerbino,jeftarmascarenhas
xewertonfilipe,jeftarmascarenhas
deyvisonrocha,julihermes
renatoalvesdev,julihermes
guiocavalcanti,rsilvabr
clovisdasilvaneto,alinedoleron
interaminense,alinedoleron
diegonvs,alinedoleron
alexpessoajr,alinedoleron
grodrigues,alinedoleron
guiocavalcanti,lpmfilho
mauriciomanoel,lpmfilho
lvrma,t0rr3sp3dr0
jgfn1,t0rr3sp3dr0
adecarli,t0rr3sp3dr0
gan640,t0rr3sp3dr0
talitaoliveira,matheusFTC
andersongns,matheusFTC
amandavelino,matheusFTC
daniellqueiroz,mabj
gpb,mabj
brunofarache,sgosantos
victorlaerte,sgosantos
henriquemenezes,sgosantos
diegonvs,sgosantos
alexpessoajr,sgosantos
igoriols,sgosantos
ledebour,sgosantos
mirjahal,esdrascosta
carlosvictor,esdrascosta
diegocamara,esdrascosta
roselmamendes,brunovpl
igoriols,brunovpl
staylward,brunovpl
gtgsantos,brunovpl
AvelinoGomez,alocjr
JamessonCheron,alocjr
ClaytonRocha,alocjr
simoneas02,leonardooo
thiagoarrais,leonardooo
luiztiago,sergiohampel
guilhermefarias,sergiohampel
arthurmichel,sergiohampel
WandersonAlves,sergiohampel
leonardopaiva,sergiohampel
andreldm,mulatinho
aeciojr,mulatinho
wellington16,brunosan7os
horaciojcfilho,caionovaes
tomersimis,caionovaes
peaonunes,caionovaes
foolOnTheHill,caionovaes
henvic,hnka
SilvaDecio,hnka
sccrn,hnka
eduardascharnhorst,hnka
arthuralvim,fltiago
guiocavalcanti,fltiago
embs,fltiago
lipse,fltiago
aricardoreis,fltiago
luiztiago,lucascmelo
henvic,lucascmelo
guilhermefarias,lucascmelo
deyvisonrocha,lucascmelo
ivanAndrade,lucascmelo
pcstl,acmh
tomersimis,acmh
ovictoraurelio,acmh
ntocampos,acmh
aht360,acmh
interaminense,rafoli
jordanamorais,rafoli
HaysaRodrigues,rafoli
manoelcyreno,rafoli
izaiasavila,rafoli
jonatascp,rafoli
jamissonfreitas,geocarvalho
wbgalvao,geocarvalho
karlafalcao,nivan
abelb0rges,nivan
mateusrevoredo,ThomazFB
ThaisaMirely,ThomazFB
frankjuniorr,rbrazileiro
giovanebribeiro,rbrazileiro
paulorec,ramon-v
interaminense,ramon-v
victorlaerte,ramon-v
jordanamorais,ramon-v
alexpessoajr,ramon-v
tobiasparaiso,ramon-v
arthuralvim,ericbbraga
frankjuniorr,ericbbraga
andremelo87,ericbbraga
favasconcelos,ericbbraga
tamiresa,ericbbraga
talitaoliveira,andersongns
jonathanslima,andersongns
matheusFTC,andersongns
caiochagas,andersongns
frankjuniorr,thiagoolsilva
FranciscoMarinho,thiagoolsilva
carloseachaves,rcbop
chocoelho,rsarai
vanessa,rsarai
amandasavluchinske,rsarai
assj,rsarai
ArthurLCastro,eron93br
mulatinho,andreldm
paulobsa,andreldm
moisespalma,andreldm
horaciojcfilho,paulomenezes
luizlago,paulomenezes
luizfranca,paulomenezes
fjmartins,paulomenezes
renatohlf,paulomenezes
renatooliveira,debscorreia
gileno,juliosmelo
arthuralvim,juliosmelo
sfilhu,juliosmelo
AbrantesMar,antoniosj
mangelis,antoniosj
andrefilipesz,antoniosj
JohnsonMauro,lubarinobr
joelnetodev,lubarinobr
witerbino,lubarinobr
GutenbergCarlos,lubarinobr
larislav,lubarinobr
guiocavalcanti,filipewl
gvc,filipewl
embs,filipewl
lbrito1,filipewl
macm3,leoreinaux
khurama,leoreinaux
Gustavomagalhaes,thiagoprazeres
leuthier,thiagoprazeres
eduardocruz,misawsneto
wagnerpaxs,misawsneto
AlexSoaresDeSiqueira,douglas-queiroz
allanragec,douglas-queiroz
jhdavino,douglas-queiroz
filipeximenes,raony
rasoliveira,raony
thiagoarrais,raony
victorpluna,AlexSoaresDeSiqueira
leoamf,AlexSoaresDeSiqueira
arthuralvim,pernambucano
leoamf,pernambucano
thiagoarrais,adilsonchacon
lipse,adilsonchacon
vanessa,citiufpe
amandasavluchinske,citiufpe
eduardolsneto2,citiufpe
alnp,citiufpe
ericbbraga,andremelo87
favasconcelos,andremelo87
tcostam,andremelo87
lucasbiagini,caiocaladoo
pnasc,caiocaladoo
edigomes,Artrogeno
tuliohmendes,luizlago
gcaraciolo,luizlago
paulomenezes,luizlago
lpmourato,luizlago
rubens73,luizlago
frankjuniorr,favasconcelos
ericbbraga,favasconcelos
andremelo87,favasconcelos
jalexc,favasconcelos
tamiresa,favasconcelos
gabrielteodosio,flpn
gustavomeloGH,flpn
koodaa,flpn
flpn,gabrielteodosio
gustavomeloGH,gabrielteodosio
talitaoliveira,grodrigues
sfilhu,leonardopaiva
matheuslins,MarcusDEFGH
KewinLima,dnloliveira1
filipeximenes,dudurocha
renatooliveira,dudurocha
brunocoelho,dudurocha
arthuralvim,dudurocha
irgmedeiros,dudurocha
felipefarias,dudurocha
Juniorlimaivd,hfbassani
phbraga,hfbassani
bebetocf,hfbassani
renatooliveira,isabarros
roselmamendes,isabarros
embs,isabarros
daniellqueiroz,gpb
simoneas02,wwcoderecife
jordanamorais,wwcoderecife
joaopaulosama,wwcoderecife
filipeximenes,guilhermebm
fjsj,guilhermebm
thiagodiniz,guilhermebm
andrebuarque,guilhermebm
willfelix,dennys-bd
petermademann,dennys-bd
tuliohmendes,phbraga
Juniorlimaivd,phbraga
bebetocf,phbraga
luiztiago,aperrelli
jordanamorais,aperrelli
cleydyr,aperrelli
filipeximenes,chicofilho
meiralins,chicofilho
filipe0513,chicofilho
roselmamendes,jpaulorio
ramonsantos,sjcostaneto
guilhermefarias,paulinhoerry
grodrigues,paulinhoerry
roselmamendes,johanngomes
Juniorlimaivd,bebetocf
andersonberg,gillianomenezes
joaopaulosama,gillianomenezes
claudiopacheco,gabrieldluca
henriquemenezes,tcostam
andremelo87,tcostam
luizpaulogodoy,tcostam
jeandersonbc,luishmelo
peaonunes,luishmelo
rodolfoestevam,cassiolpaixao90
fehaa,cassiolpaixao90
izaiasavila,cassiolpaixao90
peaonunes,lvrma
t0rr3sp3dr0,lvrma
adecarli,lvrma
luizpaulogodoy,lhew
patomarques,lhew
brunosouza,lhew
jmignac,lhew
paulomenezes,luizfranca
giovannipcarvalho,luizfranca
mirjahal,williambeto
julihermes,williambeto
leonardopaiva,pianolab
victorlaerte,albertmourato
diegonvs,albertmourato
wba25,albertmourato
rodrigojulianib,KewinLima
brunofarache,igoriols
henriquemenezes,igoriols
brunovpl,igoriols
leuthier,wellington16
brunosan7os,wellington16
cleydyr,filipeluiz
fecalemos,filipeluiz
simoneas02,JohnsonMauro
talitaoliveira,JohnsonMauro
lubarinobr,JohnsonMauro
joelnetodev,JohnsonMauro
tcostam,luizpaulogodoy
jmignac,luizpaulogodoy
henriquemenezes,marcocarnut
lipse,marcocarnut
valterh4ck3r,Masterfoni
frog789,Masterfoni
ThomasSousa96,Masterfoni
joaopaulosama,Masterfoni
gvc,lbrito1
embs,lbrito1
filipewl,lbrito1
diegonvs,MauricioLimaJR
itsmealves,MauricioLimaJR
victorfsf,matheuslins
alsmoreira,Allansantosdefreitas
andersonpe,Allansantosdefreitas
simoneas02,ronaldoveras
guilhermefarias,ronaldoveras
ViniFlira,ronaldoveras
ovictoraurelio,ThiagoAugustoSM
Leviterus,ThiagoAugustoSM
brunnogomes,fernandopereira
araujoraphael,fernandopereira
GeneseLessa,fernandopereira
danilosoares,fernandopereira
luiztiago,thiagotargino
victorlaerte,allanragec
alexpessoajr,allanragec
llac78,allanragec
vmms16,carvalhodj
UdneyCarvalho,carvalhodj
belcsantiago,carvalhodj
lipse,lucianowolf
lauromoura,lucianowolf
esdrascavalcs,patomarques
filipeximenes,filipe0513
fjsj,filipe0513
patrickrbc,filipe0513
chicofilho,filipe0513
luizfranca,giovannipcarvalho
paulorec,tobiasparaiso
interaminense,tobiasparaiso
victorlaerte,tobiasparaiso
alexpessoajr,tobiasparaiso
mirjahal,luanoliveira1992
paulomenezes,fjmartins
gustavomeloGH,fjmartins
iagobelo,Vitor0liveira
rodolfoestevam,Vitor0liveira
MatheusSouza12,Vitor0liveira
luhanlacerda,Vitor0liveira
lubarinobr,joelnetodev
JohnsonMauro,joelnetodev
thiagoarrais,estevaocm
filipeximenes,arineto
arthuralvim,arineto
chocoelho,arineto
matheuslins,arineto
filipevarjao,tvarjao
rafaelfvcs,elidioxg
felipedealbuquerque,fecalemos
filipeluiz,fecalemos
WandersonAlves,fehaa
cassiolpaixao90,fehaa
vinyfalcao,fehaa
leuthier,brunapvasconcelos
luiztiago,viniciusgalvao
dmente03,viniciusgalvao
tcostam,joaozig
jonathanslima,medeirosrod
frankjuniorr,medeirosrod
rasoliveira,Bonifacio2
guilhermebrandao,rennanmoura1990
tonnyvx,rennanmoura1990
filipeximenes,andersonberg
gillianomenezes,andersonberg
mangueBit,rbm4
LGR3,rbm4
luiztiago,brunosouza
medeirosrod,brunosouza
Eviomarcio,aeciovc
tuliohmendes,pethersilva
AJS99,niltonheck
deyvisonrocha,diogobrsantos
soikmd2,diogobrsantos
deyvisonrochaidealizza,diogobrsantos
peaonunes,dgmneto
macm3,dgmneto
peaonunes,macm3
mangueBit,macm3
petinformatica,macm3
moisespalma,consensotec
sabrinagmcruz,consensotec
deyvisonrocha,wfsneto
julihermes,wfsneto
roselmamendes,ricardowendell
rasoliveira,ricardowendell
arthuralvim,gppeixoto
peaonunes,gppeixoto
jpedrocm,gppeixoto
vinimoraesrc,gppeixoto
Leviterus,MiniMarvin
MichaelBarney,MiniMarvin
GabrielVanderlei,MiniMarvin
peaonunes,tonidas
Cisneiros,tonidas
vanessa,amandasavluchinske
alnp,amandasavluchinske
luanfonceca,klebercode
irgmedeiros,klebercode
juniorbrasil,klebercode
renatooliveira,hugobessa
diegonvs,hugobessa
amandasavluchinske,hugobessa
arthurmichel,marcoshmendes
lucianojsjr,marcoshmendes
Thyerry,MayaraCastro
arthuralvim,sfilhu
victorpluna,sfilhu
ramonsantos,eltonrufino
eduardobaia,eltonrufino
matequeiroz,jaimenejaim
ovictoraurelio,tancredosouza
igormp,tancredosouza
Juniorlimaivd,tancredosouza
AugustoQueiroz,tancredosouza
rcag2,tancredosouza
caionovaes,joelcipriano
patrickrbc,marcelolima
alsmoreira,valterh4ck3r
ThomasSousa96,valterh4ck3r
filipeximenes,antoniocorreia
guilhermepaiva,antoniocorreia
felipedemacedo,antoniocorreia
luizpaulogodoy,jmignac
mateusrevoredo,marlosin
hamorim,tpmarcs
lpmourato,tpmarcs
luiztiago,ivanAndrade
deyvisonrocha,ivanAndrade
lucascmelo,ivanAndrade
ovictoraurelio,Leviterus
ThiagoAugustoSM,Leviterus
romildojuliano,Leviterus
LGR3,Leviterus
GabrielVanderlei,Leviterus
mayarajuvencio,Rafaziz
diegonvs,renatohlf
itsmealves,renatohlf
paulomenezes,renatohlf
SilvaDecio,renatohlf
geocarvalho,jamissonfreitas
phbraga,erickjung
tuliohmendes,lpmourato
frankjuniorr,lpmourato
FranciscoMarinho,lpmourato
luizlago,lpmourato
tpmarcs,lpmourato
filipeximenes,felipesotero
renatooliveira,felipesotero
arthuralvim,felipesotero
engtom,wagnerpaxs
vitordeatorreao,diogoffmelo
rennanmoura1990,guilhermebrandao
tonnyvx,guilhermebrandao
feliperfmarques,davincif
renatooliveira,rmd2
arthuralvim,rmd2
embs,rmd2
ramonsantos,jefferson-lima
tuliohmendes,carlosvictor
izaiasavila,carlosvictor
simoneas02,mariojor
tomersimis,lapl
peaonunes,lapl
vinimoraesrc,lapl
Gustavomagalhaes,danielcandidos
luizfranca,danielcandidos
ktquez,saulobr88
yelken,saulobr88
Jeffguitar,saulobr88
eduardoluiz7,wba25
frankjuniorr,filipecalegario
FlavioCastroFilho,figueredo
alsmoreira,ArthurLCastro
diogobrsantos,linhaplana
pedroboudoux,linhaplana
xewertonfilipe,marcelogalvao
JamessonCheron,Uirado
marcoshmendes,lucianojsjr
belcsantiago,iagoneresb
jeftarmascarenhas,felipemanga
peaonunes,igorvpcleao
cleydyr,eduardobaia
AbrantesMar,eduardobaia
fehaa,eduardobaia
eltonrufino,eduardobaia
mirjahal,neryluc
matheusFTC,neryluc
luiztiago,saulolso
luizpaulogodoy,saulolso
alexjosesilva,pablostellet
r4ddek,Daanielvb
licensed,Daanielvb
KewinLima,rodrigojulianib
sergiohampel,netoabel
saulobr88,netoabel
elidioxg,rafaelfvcs
wellington16,vmms16
carvalhodj,vmms16
UdneyCarvalho,vmms16
andrelarruda,vmms16
thiagoprazeres,geraldo7junior
roselmamendes,roselmamendestw
diogoffmelo,vitordeatorreao
roselmamendes,danielfsbarreto
ovictoraurelio,jgfn1
t0rr3sp3dr0,jgfn1
almdac,jgfn1
filipeximenes,victoracioli
fjsj,victoracioli
brunocoelho,victoracioli
guiocavalcanti,soikmd2
deyvisonrocha,soikmd2
diogobrsantos,soikmd2
IsmaelGomes,sudorafa
marconemm,sudorafa
ovictoraurelio,Valgueiro
raphaelmonte,leleofg
rlom,fms6
marconemm,IsmaelGomes
raafaelima,ledebour
Leviterus,romildojuliano
Masterfoni,frog789
fjmartins,fabiorecife
islanilton,raphaelmonte
rbm4,mangueBit
arthuralvim,victorpluna
AlexSoaresDeSiqueira,victorpluna
sfilhu,victorpluna
Eviomarcio,pricardoti
davilmaster,pricardoti
Renartes,lucasbiagini
rbm4,LGR3
Leviterus,LGR3
flpn,gustavomeloGH
gabrielteodosio,gustavomeloGH
dvro,rcaferraz
angelobrito,rcaferraz
Gustavomagalhaes,MatheusUehara
frankjuniorr,wallacethierre
FranciscoMarinho,wallacethierre
victorcarrico,ntocampos
acmh,ntocampos
diegonvs,paulapithon
abhnerAraujo,ianfireman
igormp,soareswallace
AugustoQueiroz,soareswallace
prximenes,soareswallace
leuthier,MatheusSouza12
Vitor0liveira,MatheusSouza12
manoelfneto,MatheusSouza12
leonardoaraujo85,rafarocha
interaminense,flaubert165
pauloborba,guilhermejccavalcanti
embs,guilhermejccavalcanti
arthurmenezesb,guilhermejccavalcanti
igorsimoes,igor-simoes
alsmoreira,heitorpaceli
alexpessoajr,heitorpaceli
ledebour,raafaelima
wagnerpaxs,engtom
ThiagoAquino,FranclinC
alsmoreira,ThomasSousa96
Masterfoni,ThomasSousa96
valterh4ck3r,ThomasSousa96
paulomenezes,rafaelroballo
carlosvictor,deyvisonbm
rennanmoura1990,tonnyvx
guilhermebrandao,tonnyvx
KLEITONFREITAS,glpibr
victorlaerte,feliperp-81
allanragec,feliperp-81
guilhermepaiva,adailsonfilho
feliperfmarques,adailsonfilho
iagobelo,mauLeal
rodolfoestevam,mauLeal
filipecabraal,zecafeitosa
marcosisocram,pedroboudoux
wagnerbeethoven,pedroboudoux
peaonunes,fmm
MayaraCastro,Thyerry
andreldm,paulobsa
moisespalma,paulobsa
joaopaulosama,paulobsa
rodolfoestevam,luhanlacerda
Vitor0liveira,luhanlacerda
RodrigoRodrigues7,luhanlacerda
VanessaVieiraVV,lsca
caionovaes,andreneto
vitorbc,mmfsf
antoniosj,mangelis
Makqsi,palmeidaprog
victorlaerte,diogo-lins
lubarinobr,witerbino
fehaa,vinyfalcao
LucasFranciscoCorreia,lucasrbk
arthuralvim,andredm
guiocavalcanti,andredm
alsmoreira,andersonpe
willaraul,nathan-lima
clovisdasilvaneto,manoelcyreno
diegonvs,manoelcyreno
jordanamorais,manoelcyreno
joaoluizdhv,viniciusmsfraga
joaoMonte,viniciusmsfraga
thiagogalvao,caiosm1005
fernandopereira,GeneseLessa
brunolimawd,brunodutra
allanragec,llac78
henriquemenezes,thypad
dvro,thypad
jeandersonbc,thaisabr
pauloborba,thaisabr
igormp,AugustoQueiroz
prximenes,AugustoQueiroz
PunishedBois,AugustoQueiroz
leuthier,Matheus-Campos
MatheusSouza12,Matheus-Campos
arthuralvim,felypenery
alsmoreira,felypenery
alexpessoajr,felypenery
alanav120,thiagohenrique0810
vanessa,eduardolsneto2
amandasavluchinske,eduardolsneto2
fjsj,jrafaelm
eduardocruz,jrafaelm
thiagodiniz,jrafaelm
filipevarjao,jrafaelm
allansid,gustavolopess
aacgn,gilesv
eduardosm7,gilesv
patrickrbc,tavlima
simoneas02,giuliosa
ronaldoveras,giuliosa
mirjahal,saulo2
LGR3,MichaelBarney
GabrielVanderlei,MichaelBarney
Jemesson,miguel89
rcbop,leimig
marcelcaraciolo,cinguilherme
nielsonsantana,cinguilherme
sfilhu,PauloSanches
mayrarabelo,dmente03
viniciusgalvao,dmente03
gileno,hugoesb
paulorec,abhnerAraujo
ianfireman,abhnerAraujo
alsmoreira,jcrbsa
alexjosesilva,jcrbsa
leonardopaiva,pabloreis
jorgemarc,pabloreis
carlosvictor,izaiasavila
jhdavino,izaiasavila
gilesv,aacgn
eduardosm7,aacgn
GabrielGouv,aacgn
guiocavalcanti,danilosoares
julihermes,danilosoares
fernandopereira,danilosoares
AlexSoaresDeSiqueira,erickapsilva
andrelarruda,erickapsilva
MatheusSouza12,alisonamerico
moisespalma,brunolrb
mmfsf,vitorbc
t0rr3sp3dr0,adecarli
alsmoreira,silvajonathan
ovictoraurelio,almdac
jgfn1,almdac
84PC04,julioamorim
luizpaulogodoy,tiagotrigo
jmignac,tiagotrigo
embs,alexodrosgomes
santojon,alexodrosgomes
cConectando,alexodrosgomes
paulorec,sabrinandrade
ramonsantos,levisaturnino
marcosisocram,wagnerbeethoven
grodrigues,wagnerbeethoven
pedroboudoux,wagnerbeethoven
karlafalcao,manunejaim
paulorec,wtmf
alexpessoajr,wtmf
jonathanslima,feliciosan
izaiasavila,jhdavino
roselmamendes,mfeitosa
jordanamorais,josealbino
rafaprax,josealbino
manoelcyreno,josealbino
willfelix,walterjardim
fms6,rlom
lbrito1,tiagofsilva
alsmoreira,wagnerbit
hnka,SilvaDecio
luiztiago,fraposo
deyvisonrocha,fraposo
deyvisonrocha,jonathantsilva
viniciusgalvao,jonathantsilva
igormp,prximenes
AugustoQueiroz,prximenes
jaimenejaim,matequeiroz
rsarai,assj
AlexandreDiegoS,assj
Rafaziz,mayarajuvencio
gilesv,eduardosm7
aacgn,eduardosm7
caiobsouza,rodrigoal
iagoneresb,albinojunior
arthuralvim,tuliocpbs
matheuslins,tuliocpbs
simoneas02,alicexmelo
ivanAndrade,denissonsantos
interaminense,manoelamorimneto
pedroqueiroz,AlexandreDiegoS
assj,AlexandreDiegoS
diegonvs,BernardoHazin
kevinbreaker,BernardoHazin
diogobrsantos,jfabiofl
guilhermedeandrade,romagueralima
frankjuniorr,felipebelucena
abelb0rges,Kassio-Ferreira
hnka,kepa
jvog,wesleygcs
flpn,koodaa
renatohlf,AleffSouza
medeirosrod,filipe-torres
yelken,joaopaulosama
klaytoncavalcante,joaopaulosama
paulinhoerry,agcloud
carvalhodj,UdneyCarvalho
vmms16,UdneyCarvalho
IsmaelGomes,marconemm
leticiamachado,paulofloliveira
tcostam,rafaelgsm
flavindias,rafaelgsm
gabrielteodosio,jean-rar
leuthier,daniloBlera
carvalhodj,daniloBlera
esdrascavalcs,jessica-rmo
luiztiago,madytorres
cleniomendes,andrebuarque
talitaoliveira,evertonpessoa
israeljunior,evertonpessoa
thiagotargino,guinetik
sfilhu,guinetik
lipse,rafaelllins
MrRickSan,antonioaurel
paulofloliveira,leticiamachado
vitordeatorreao,gdanzi
paulofloliveira,CaioMalaquias
marcelcaraciolo,sergio3010
santojon,fabiorush
FlavioCastroFilho,fabiorush
mirjahal,diegocamara
lgallindo,PedroRafaelDinizMarinho
matheuslins,Augusto94
pedrojsn96,Augusto94
lubarinobr,GutenbergCarlos
giovanebribeiro,ericksantana
wendeldesouza,flavioms7
lubarinobr,larislav
matheusFTC,amandavelino
brunocoelho,PedroHPVieira
lucasrbk,LucasFranciscoCorreia
gustavolopess,filipecmedeiros
joaopaulosama,klaytoncavalcante
igormp,PunishedBois
AugustoQueiroz,PunishedBois
vandialves,modcs
rbm4,bernardomelo
VanessaVieiraVV,bernardomelo
vanessa,aquelefelipe
amandasavluchinske,aquelefelipe
aacgn,GabrielGouv
jpedroh,GabrielGouv
aricardoreis,anderssonmelo
r4ddek,italolemos
WandersonAlves,felipeisidorio
valterh4ck3r,AdeildoNeto
santojon,borgiani
horaciojcfilho,AleffHenrique
horaciojcfilho,felipebagetti
cauannelinhares,jbjj
GabrielGouv,jpedroh
marcelcaraciolo,joaosantana
tiagocalisto,fabiolindemberg
alsmoreira,andredidier
MatheusSouza12,manoelfneto
guilherme77,BAMoreira
nielsonsantana,wbgalvao
geocarvalho,wbgalvao
ovictoraurelio,pnasc
esdrascavalcs,dayvisons
ThaisaMirely,esdrascavalcs
roselmamendes,roMendes
davidrft,betegelse
caiobsouza,jonathasbsouza
lucasbarross,rafaelmotaalves
Juniorlimaivd,vbsilva
antoniosj,andrefilipesz
albjoaov,VictorMouraz
WandersonAlves,guuhh
FernandoRLCruz,guuhh
leuthier,FilipelIOn
arthurmichel,felipemarques8
yelken,draraujoo
soikmd2,tulliusvinicius
dcaragao,diogocaetano
vanessa,alnp
amandasavluchinske,alnp
talitaoliveira,yeltsinseal
Augusto94,pedrojsn96
guiocavalcanti,matheusmmx
joaoluizdhv,dpm-cin
patrickrbc,rnns
andersongns,caiochagas
marcosisocram,hfcamilo
VictorMouraz,albjoaov
victoraldabalde,gugacarvalho
leonardoaraujo85,marcomachado
matheusqfs,atailton
t0rr3sp3dr0,monteiro-luiz
joaopaulosama,EduardoAmaral
acmd,joaoluizdhv
antoniocorreia,felipedemacedo
cleniomendes,felipedemacedo
tcostam,WilbertoFilho
atilarec,WilbertoFilho
leopoldomt,Gabisampaio
macm3,Gabisampaio
iagoneresb,belcsantiago
iagobelo,MaryCaroline
rodolfoestevam,claudvanbarret
esdrascavalcs,itamarsilva
iagobelo,diegotsouza83
t0rr3sp3dr0,gan640
lucasbiagini,andalvalmeida
omailson,igoleo
fernandofragoso,ricardovasc
atailton,matheusqfs
mayrarabelo,wlcosta
luhanlacerda,RodrigoRodrigues7
embs,diogoan
atailton,brunofalc
AbrantesMar,keywilliams
Uirado,JamessonCheron
alsmoreira,wsena
guiocavalcanti,adozrocha
horaciojcfilho,ebl4
leuthier,hugosteixeira
embs,rodrigomuribec
Crypttus,KauanRodrigues
fchicout,dolalima
krixapolinario,iatj
karlafalcao,andreleitao
peaonunes,rfccg
diogoan,hugonmelo
hnka,sccrn
douglascas,lericardolima
arthuralvim,feliperod
omailson,fdsadat
andrebuarque,cleniomendes
henvic,FernandaLandim
erickjung,taurustech
atailton,petrusaugusto
ovictoraurelio,aht360
brunovpl,staylward
wba25,eduardoluiz7
gabrieldluca,claudiopacheco
favasconcelos,jalexc
modcs,vandialves
hnka,eduardascharnhorst
rafaelgsm,flavindias
gtgsantos,batebit
tcostam,wilberto-blaze
klebercode,juniorbrasil
rafaelmotaalves,lucasbarross
rennanmoura1990,RobsonPereira13
caiosm1005,thiagogalvao
andreximenes,rfapo
lericardolima,douglascas
ramonsantos,cassianoricardo
beugenio,wsantanapitang
luizlago,rubens73
feliperfmarques,joelbarbosamoraes
macm3,petinformatica
MatheusUehara,IgorGomess
AlexSoaresDeSiqueira,raniel90
lucasbiagini,Renartes
joaoluizdhv,acmd
joaopaulosama,BonnerAthos
guinetik,ericmilfont
medeirosrod,hforesti
giovanebribeiro,slunart
iagobelo,lmyboy
rafaelborja,jpfreire
tcostam,emesonsantana
WandersonAlves,viniciusmantero
horaciojcfilho,reueljonathan
arthuralvim,joycelima
rsaRodrigoSales,jeffrs
sfilhu,danielAtOgilvy
leimig,alejoceballos
julihermes,renatoalvesdev
LucasLJorge,ericlrf
Gustavomagalhaes,mgrb
VanessaVieiraVV,svaf2
daniellyqueiroz,JNMarcos
brunnogomes,axontec
karlafalcao,Drez3a
julioamorim,84PC04
