henriquemenezes;tarruda
paulolieuthier;tarruda
meiralins;tarruda
dapine;tarruda
spider8;tarruda
luanfonceca;joselitojunior1
renatooliveira;joselitojunior1
talitaoliveira;joselitojunior1
pcstl;joselitojunior1
diegonvs;joselitojunior1
karlafalcao;joselitojunior1
embs;joselitojunior1
mauriciomanoel;joselitojunior1
arthurmichel;joselitojunior1
ThaisaMirely;joselitojunior1
peaonunes;joselitojunior1
meiralins;joselitojunior1
mirjahal;joselitojunior1
Cisneiros;joselitojunior1
paulomenezes;joselitojunior1
grodrigues;joselitojunior1
thiagotargino;joselitojunior1
witerbino;joselitojunior1
levisaturnino;joselitojunior1
andreximenes;joselitojunior1
evertonpessoa;joselitojunior1
dayvisons;joselitojunior1
esdrascavalcs;joselitojunior1
andreguigo;joselitojunior1
luanfonceca;marcelcaraciolo
gileno;marcelcaraciolo
filipeximenes;marcelcaraciolo
renatooliveira;marcelcaraciolo
fjsj;marcelcaraciolo
arthuralvim;marcelcaraciolo
henriquemenezes;marcelcaraciolo
karlafalcao;marcelcaraciolo
patrickrbc;marcelcaraciolo
thiagoarrais;marcelcaraciolo
filipevarjao;marcelcaraciolo
victorcarrico;marcelcaraciolo
brunnogomes;marcelcaraciolo
irgmedeiros;marcelcaraciolo
lipse;marcelcaraciolo
Gustavomagalhaes;marcelcaraciolo
daniellqueiroz;marcelcaraciolo
lauromoura;marcelcaraciolo
guilhermepaiva;marcelcaraciolo
nielsonsantana;marcelcaraciolo
geocarvalho;marcelcaraciolo
wellington16;marcelcaraciolo
tcostam;marcelcaraciolo
klebercode;marcelcaraciolo
jamissonfreitas;marcelcaraciolo
angelobrito;marcelcaraciolo
hugoesb;marcelcaraciolo
joaosantana;marcelcaraciolo
wbgalvao;marcelcaraciolo
simoneas02;mairatma
henvic;mairatma
brunocoelho;mairatma
henriquemenezes;mairatma
andrewesteves;mairatma
diegonvs;mairatma
karlafalcao;mairatma
patrickrbc;mairatma
alexpessoajr;mairatma
iagobelo;mairatma
pereiragislene;mairatma
meiralins;mairatma
pedroqueiroz;mairatma
grodrigues;mairatma
aperrelli;mairatma
filipewl;mairatma
tcostam;mairatma
albertmourato;mairatma
fmm;mairatma
brunover;mairatma
deividazevedo2;luanfonceca
gileno;luanfonceca
filipeximenes;luanfonceca
renatooliveira;luanfonceca
fjsj;luanfonceca
fernandogrd;luanfonceca
arthuralvim;luanfonceca
dmesquita;luanfonceca
meiralins;luanfonceca
klebercode;luanfonceca
luanfonceca;deividazevedo2
marcelcaraciolo;gileno
luanfonceca;gileno
filipeximenes;gileno
renatooliveira;gileno
fjsj;gileno
fernandogrd;gileno
arthuralvim;gileno
thiagodiniz;gileno
chocoelho;gileno
dvro;gileno
patrickrbc;gileno
brunnogomes;gileno
irgmedeiros;gileno
lipse;gileno
araujoraphael;gileno
juliosmelo;gileno
wellington16;gileno
klebercode;gileno
hugoesb;gileno
FilipelIOn;gileno
WesleyJw;gileno
progerbr;gileno
ktquez;simoneas02
talitaoliveira;simoneas02
pcstl;simoneas02
karlafalcao;simoneas02
mayrarabelo;simoneas02
iagobelo;simoneas02
ramonsantos;simoneas02
Suburbanno;simoneas02
alexjosesilva;simoneas02
WandersonAlves;simoneas02
TigerRobocop;simoneas02
leonardooo;simoneas02
grodrigues;simoneas02
filipewl;simoneas02
JohnsonMauro;simoneas02
Allansantosdefreitas;simoneas02
ronaldoveras;simoneas02
eltonrufino;simoneas02
witerbino;simoneas02
giuliosa;simoneas02
alicexmelo;simoneas02
karollmm;simoneas02
silvinhamorais;simoneas02
tiagocalisto;simoneas02
rafamelima;simoneas02
luanfonceca;filipeximenes
gileno;filipeximenes
renatooliveira;filipeximenes
luiztiago;filipeximenes
fernandocastor;filipeximenes
fjsj;filipeximenes
brunocoelho;filipeximenes
arthuralvim;filipeximenes
guilhermefarias;filipeximenes
guiocavalcanti;filipeximenes
dakerfp;filipeximenes
roselmamendes;filipeximenes
eduardocruz;filipeximenes
chocoelho;filipeximenes
dvro;filipeximenes
patrickrbc;filipeximenes
victorcarrico;filipeximenes
irgmedeiros;filipeximenes
mateusrevoredo;filipeximenes
vanessa;filipeximenes
lipse;filipeximenes
meiralins;filipeximenes
felipefarias;filipeximenes
nielsonsantana;filipeximenes
rcbop;filipeximenes
chicofilho;filipeximenes
wellington16;filipeximenes
filipe0513;filipeximenes
matheuslins;filipeximenes
andersonberg;filipeximenes
klebercode;filipeximenes
antoniocorreia;filipeximenes
amandasavluchinske;filipeximenes
hugobessa;filipeximenes
victoracioli;filipeximenes
diegobarcelar;filipeximenes
warkentien2;filipeximenes
joselitojunior1;renatooliveira
luanfonceca;renatooliveira
gileno;renatooliveira
filipeximenes;renatooliveira
luiztiago;renatooliveira
fernandocastor;renatooliveira
fjsj;renatooliveira
brunocoelho;renatooliveira
arthuralvim;renatooliveira
guiocavalcanti;renatooliveira
roselmamendes;renatooliveira
thiagodiniz;renatooliveira
chocoelho;renatooliveira
karlafalcao;renatooliveira
embs;renatooliveira
dvro;renatooliveira
patrickrbc;renatooliveira
filipevarjao;renatooliveira
victorcarrico;renatooliveira
brunnogomes;renatooliveira
irgmedeiros;renatooliveira
lipse;renatooliveira
meiralins;renatooliveira
araujoraphael;renatooliveira
isabarros;renatooliveira
klebercode;renatooliveira
marcelolima;renatooliveira
antoniocorreia;renatooliveira
felipesotero;renatooliveira
rmd2;renatooliveira
hugobessa;renatooliveira
adailsonfilho;renatooliveira
hugoesb;renatooliveira
joaoluizdhv;renatooliveira
filipeximenes;luiztiago
renatooliveira;luiztiago
henvic;luiztiago
fjsj;luiztiago
brunocoelho;luiztiago
guilhermefarias;luiztiago
patrickrbc;luiztiago
deyvisonrocha;luiztiago
arthurmichel;luiztiago
sergiohampel;luiztiago
lucascmelo;luiztiago
paulinhoerry;luiztiago
thiagotargino;luiztiago
viniciusgalvao;luiztiago
marcoshmendes;luiztiago
ivanAndrade;luiztiago
dmente03;luiztiago
fraposo;luiztiago
italoj;luiztiago
mairatma;henvic
luiztiago;henvic
fjsj;henvic
brunocoelho;henvic
arthuralvim;henvic
guilhermefarias;henvic
guiocavalcanti;henvic
interaminense;henvic
victorlaerte;henvic
diegonvs;henvic
gvc;henvic
tomersimis;henvic
patrickrbc;henvic
deyvisonrocha;henvic
alexpessoajr;henvic
meiralins;henvic
hnka;henvic
lucascmelo;henvic
grodrigues;henvic
albertmourato;henvic
sfilhu;henvic
rafaelfvcs;henvic
lucasbiagini;henvic
FernandaLandim;henvic
cConectando;henvic
henriquemenezes;ac-pm
rcbop;ac-pm
andremelo87;ac-pm
jhdavino;ac-pm
joselitojunior1;fernandocastor
filipeximenes;fernandocastor
renatooliveira;fernandocastor
henvic;fernandocastor
fjsj;fernandocastor
arthuralvim;fernandocastor
guiocavalcanti;fernandocastor
pcstl;fernandocastor
horaciojcfilho;fernandocastor
victorlaerte;fernandocastor
henriquemenezes;fernandocastor
jeandersonbc;fernandocastor
karlafalcao;fernandocastor
embs;fernandocastor
dvro;fernandocastor
filipevarjao;fernandocastor
victorcarrico;fernandocastor
irgmedeiros;fernandocastor
omailson;fernandocastor
ThaisaMirely;fernandocastor
peaonunes;fernandocastor
foolOnTheHill;fernandocastor
atriciasabino;fernandocastor
caionovaes;fernandocastor
rcbop;fernandocastor
felipealencar;fernandocastor
macm3;fernandocastor
rafaelfvcs;fernandocastor
mangueBit;fernandocastor
gabrieldluca;fernandocastor
gilesv;fernandocastor
aacgn;fernandocastor
heitorpaceli;fernandocastor
eduardosm7;fernandocastor
dayvisons;fernandocastor
esdrascavalcs;fernandocastor
rodrigodma;fernandocastor
itamarsilva;fernandocastor
claudiopacheco;fernandocastor
thomascristanis;fernandocastor
adsonxzx;fernandocastor
joaoMonte;fernandocastor
arthurmagno;fernandocastor
simoneas02;clovisdasilvaneto
guilhermefarias;clovisdasilvaneto
ktquez;clovisdasilvaneto
talitaoliveira;clovisdasilvaneto
interaminense;clovisdasilvaneto
gallindo;clovisdasilvaneto
diegonvs;clovisdasilvaneto
jordanamorais;clovisdasilvaneto
alexpessoajr;clovisdasilvaneto
arthurmichel;clovisdasilvaneto
rafaprax;clovisdasilvaneto
jeftarmascarenhas;clovisdasilvaneto
alinedoleron;clovisdasilvaneto
grodrigues;clovisdasilvaneto
adelmojnr;clovisdasilvaneto
lucianojsjr;clovisdasilvaneto
witerbino;clovisdasilvaneto
manoelcyreno;clovisdasilvaneto
dashdanilo;clovisdasilvaneto
xewertonfilipe;clovisdasilvaneto
klaytondeoliveira;clovisdasilvaneto
VictorManoel;clovisdasilvaneto
luanfonceca;fjsj
deividazevedo2;fjsj
gileno;fjsj
filipeximenes;fjsj
renatooliveira;fjsj
brunocoelho;fjsj
fernandogrd;fjsj
arthuralvim;fjsj
thiagodiniz;fjsj
chocoelho;fjsj
embs;fjsj
dvro;fjsj
patrickrbc;fjsj
victorcarrico;fjsj
irgmedeiros;fjsj
vanessa;fjsj
meiralins;fjsj
felipefarias;fjsj
rcbop;fjsj
hugobessa;fjsj
tiagollalmeida;fjsj
henriquemenezes;zimmerle
lipse;zimmerle
mairatma;brunocoelho
filipeximenes;brunocoelho
renatooliveira;brunocoelho
luiztiago;brunocoelho
henvic;brunocoelho
guilhermefarias;brunocoelho
brunobasto;brunocoelho
thiagodiniz;brunocoelho
gallindo;brunocoelho
lmarinho;brunocoelho
dudurocha;brunocoelho
victoracioli;brunocoelho
PedroHPVieira;brunocoelho
marcelcaraciolo;fernandogrd
luanfonceca;fernandogrd
gileno;fernandogrd
filipeximenes;fernandogrd
renatooliveira;fernandogrd
fjsj;fernandogrd
arthuralvim;fernandogrd
guiocavalcanti;fernandogrd
dakerfp;fernandogrd
patrickrbc;fernandogrd
filipevarjao;fernandogrd
brunnogomes;fernandogrd
irgmedeiros;fernandogrd
wellington16;fernandogrd
klebercode;fernandogrd
hugoesb;fernandogrd
renanalencar;fernandogrd
jeandersonbc;adrielcafe
casevictor;adrielcafe
AJS99;adrielcafe
BenjamimRodrigo;adrielcafe
marcelcaraciolo;arthuralvim
luanfonceca;arthuralvim
deividazevedo2;arthuralvim
gileno;arthuralvim
filipeximenes;arthuralvim
renatooliveira;arthuralvim
fjsj;arthuralvim
alsmoreira;arthuralvim
rasoliveira;arthuralvim
brunnogomes;arthuralvim
irgmedeiros;arthuralvim
meiralins;arthuralvim
victorfsf;arthuralvim
nielsonsantana;arthuralvim
ericbbraga;arthuralvim
pernambucano;arthuralvim
matheuslins;arthuralvim
arineto;arthuralvim
felipesotero;arthuralvim
jamissonfreitas;arthuralvim
tuliocpbs;arthuralvim
filipehsilva;arthuralvim
interaminense;paulorec
victorlaerte;paulorec
jordanamorais;paulorec
alexpessoajr;paulorec
inacionery;paulorec
rafaprax;paulorec
eudesll;paulorec
tobiasparaiso;paulorec
simoneas02;guilhermefarias
filipeximenes;guilhermefarias
luiztiago;guilhermefarias
henvic;guilhermefarias
clovisdasilvaneto;guilhermefarias
brunocoelho;guilhermefarias
talitaoliveira;guilhermefarias
karlafalcao;guilhermefarias
patrickrbc;guilhermefarias
deyvisonrocha;guilhermefarias
arthurmichel;guilhermefarias
gcaraciolo;guilhermefarias
jeftarmascarenhas;guilhermefarias
sergiohampel;guilhermefarias
lucascmelo;guilhermefarias
yeltsin;guilhermefarias
paulinhoerry;guilhermefarias
ronaldoveras;guilhermefarias
viniciusgalvao;guilhermefarias
marcoshmendes;guilhermefarias
ivanAndrade;guilhermefarias
lucianojsjr;guilhermefarias
joaopaulosama;guilhermefarias
agcloud;guilhermefarias
andreximenes;guilhermefarias
deividazevedo2;ktquez
oliveriojnn;ktquez
saulobr88;ktquez
henvic;brunofarache
interaminense;brunofarache
victorlaerte;brunofarache
marcellustavares;brunofarache
alexpessoajr;brunofarache
HaysaRodrigues;brunofarache
pedroqueiroz;brunofarache
sgosantos;brunofarache
aperrelli;brunofarache
igoriols;brunofarache
albertmourato;brunofarache
ledebour;brunofarache
josealbino;brunofarache
luanfonceca;lailsonbm
gileno;lailsonbm
filipeximenes;lailsonbm
renatooliveira;lailsonbm
fjsj;lailsonbm
brunocoelho;lailsonbm
arthuralvim;lailsonbm
guiocavalcanti;lailsonbm
thiagodiniz;lailsonbm
gvc;lailsonbm
embs;lailsonbm
dvro;lailsonbm
patrickrbc;lailsonbm
brunnogomes;lailsonbm
mayrarabelo;lailsonbm
lmarinho;lailsonbm
hamorim;lailsonbm
lipse;lailsonbm
araujoraphael;lailsonbm
guilhermepaiva;lailsonbm
rsilvabr;lailsonbm
isabarros;lailsonbm
tacionery;lailsonbm
luizpaulogodoy;lailsonbm
fernandopereira;lailsonbm
victoracioli;lailsonbm
willfelix;lailsonbm
GeneseLessa;lailsonbm
dmente03;lailsonbm
fracmt;lailsonbm
arthuralvim;alsmoreira
alexpessoajr;alsmoreira
eudesll;alsmoreira
Allansantosdefreitas;alsmoreira
valterh4ck3r;alsmoreira
ArthurLCastro;alsmoreira
ThomasSousa96;alsmoreira
andersonpe;alsmoreira
felypenery;alsmoreira
jcrbsa;alsmoreira
heitorpaceli;alsmoreira
silvajonathan;alsmoreira
wagnerbit;alsmoreira
andredidier;alsmoreira
wsena;alsmoreira
simoneas02;talitaoliveira
paulorec;talitaoliveira
guilhermefarias;talitaoliveira
interaminense;talitaoliveira
victorlaerte;talitaoliveira
jonathanslima;talitaoliveira
WandersonAlves;talitaoliveira
matheusFTC;talitaoliveira
andersongns;talitaoliveira
grodrigues;talitaoliveira
JohnsonMauro;talitaoliveira
patomarques;talitaoliveira
evertonpessoa;talitaoliveira
yeltsinseal;talitaoliveira
luanfonceca;dmesquita
mayrarabelo;dmesquita
Jemesson;dmesquita
lmarinho;lmmenge
brunocoelho;brunobasto
paulorec;brunobasto
interaminense;brunobasto
victorlaerte;brunobasto
diegonvs;brunobasto
marcellustavares;brunobasto
patrickrbc;brunobasto
alexpessoajr;brunobasto
inacionery;brunobasto
rafaprax;brunobasto
pedroqueiroz;brunobasto
aperrelli;brunobasto
deividazevedo2;guiocavalcanti
filipeximenes;guiocavalcanti
renatooliveira;guiocavalcanti
henvic;guiocavalcanti
fernandogrd;guiocavalcanti
arthuralvim;guiocavalcanti
henriquemenezes;guiocavalcanti
karlafalcao;guiocavalcanti
embs;guiocavalcanti
filipevarjao;guiocavalcanti
brunnogomes;guiocavalcanti
paulolieuthier;guiocavalcanti
hamorim;guiocavalcanti
arthurms;guiocavalcanti
lipse;guiocavalcanti
peaonunes;guiocavalcanti
rsilvabr;guiocavalcanti
fltiago;guiocavalcanti
tacionery;guiocavalcanti
filipewl;guiocavalcanti
soikmd2;guiocavalcanti
dmente03;guiocavalcanti
danilosoares;guiocavalcanti
matheusmmx;guiocavalcanti
adozrocha;guiocavalcanti
fernandocastor;pcstl
horaciojcfilho;pcstl
karlafalcao;pcstl
meiralins;pcstl
hpbl;pcstl
rodolfoestevam;pcstl
pcstl;horaciojcfilho
embs;horaciojcfilho
foolOnTheHill;horaciojcfilho
hpbl;horaciojcfilho
caionovaes;horaciojcfilho
paulomenezes;horaciojcfilho
AleffHenrique;horaciojcfilho
felipebagetti;horaciojcfilho
marcelcaraciolo;dakerfp
luanfonceca;dakerfp
renatooliveira;dakerfp
henvic;dakerfp
fjsj;dakerfp
brunocoelho;dakerfp
fernandogrd;dakerfp
arthuralvim;dakerfp
henriquemenezes;dakerfp
embs;dakerfp
dvro;dakerfp
filipevarjao;dakerfp
julianalucena;dakerfp
lipse;dakerfp
lauromoura;dakerfp
nielsonsantana;dakerfp
hugoesb;dakerfp
deividazevedo2;roselmamendes
simoneas02;roselmamendes
renatooliveira;roselmamendes
rasoliveira;roselmamendes
karlafalcao;roselmamendes
brunovpl;roselmamendes
johanngomes;roselmamendes
roselmamendestw;roselmamendes
roMendes;roselmamendes
paulorec;interaminense
talitaoliveira;interaminense
victorlaerte;interaminense
diegonvs;interaminense
jordanamorais;interaminense
alexpessoajr;interaminense
HaysaRodrigues;interaminense
inacionery;interaminense
rafaprax;interaminense
eudesll;interaminense
alinedoleron;interaminense
grodrigues;interaminense
tobiasparaiso;interaminense
flaubert165;interaminense
paulorec;victorlaerte
talitaoliveira;victorlaerte
interaminense;victorlaerte
diegonvs;victorlaerte
jordanamorais;victorlaerte
alexpessoajr;victorlaerte
HaysaRodrigues;victorlaerte
leopoldomt;victorlaerte
inacionery;victorlaerte
rafaprax;victorlaerte
eudesll;victorlaerte
allanragec;victorlaerte
tobiasparaiso;victorlaerte
albertmourato;victorlaerte
marcelcaraciolo;henriquemenezes
dvro;henriquemenezes
brunnogomes;henriquemenezes
AbrantesMar;henriquemenezes
igoriols;henriquemenezes
luizpaulogodoy;henriquemenezes
tcostam;henriquemenezes
marcelcaraciolo;eduardocruz
filipeximenes;eduardocruz
fjsj;eduardocruz
arthuralvim;eduardocruz
patrickrbc;eduardocruz
evandroabreu;eduardocruz
henriquemenezes;diegocarloslima
talitaoliveira;jonathanslima
matheusFTC;jonathanslima
andersongns;jonathanslima
feliciosan;jonathanslima
lrsilva;jonathanslima
luanfonceca;thiagodiniz
filipeximenes;thiagodiniz
renatooliveira;thiagodiniz
fjsj;thiagodiniz
brunocoelho;thiagodiniz
arthuralvim;thiagodiniz
guiocavalcanti;thiagodiniz
henriquemenezes;thiagodiniz
eduardocruz;thiagodiniz
patrickrbc;thiagodiniz
lipse;thiagodiniz
guilhermepaiva;thiagodiniz
guilhermebm;thiagodiniz
fernandopereira;thiagodiniz
filipe0513;thiagodiniz
kassioribeiro;thiagodiniz
clovisdasilvaneto;gallindo
brunocoelho;gallindo
inacionery;gallindo
rafaprax;gallindo
aperrelli;gallindo
henriquemc;gallindo
gtgsantos;gallindo
arcelo;gallindo
gugaemc;gallindo
interaminense;diegonvs
victorlaerte;diegonvs
jordanamorais;diegonvs
alexpessoajr;diegonvs
HaysaRodrigues;diegonvs
itsmealves;diegonvs
inacionery;diegonvs
alinedoleron;diegonvs
grodrigues;diegonvs
MauricioLimaJR;diegonvs
albertmourato;diegonvs
renatohlf;diegonvs
BernardoHazin;diegonvs
gileno;gvc
filipeximenes;gvc
renatooliveira;gvc
henvic;gvc
fjsj;gvc
brunocoelho;gvc
arthuralvim;gvc
guiocavalcanti;gvc
embs;gvc
dvro;gvc
lmarinho;gvc
lipse;gvc
araujoraphael;gvc
guilhermepaiva;gvc
isabarros;gvc
filipewl;gvc
lbrito1;gvc
fernandopereira;gvc
dmente03;gvc
simoneas02;jeandersonbc
leopoldomt;jeandersonbc
luishmelo;jeandersonbc
henvic;pauloborba
fernandocastor;pauloborba
paulorec;pauloborba
horaciojcfilho;pauloborba
victorlaerte;pauloborba
henriquemenezes;pauloborba
jeandersonbc;pauloborba
karlafalcao;pauloborba
embs;pauloborba
dvro;pauloborba
leopoldomt;pauloborba
PedroRossi;pauloborba
macm3;pauloborba
thaisabr;pauloborba
Gabisampaio;pauloborba
thomascristanis;pauloborba
deividazevedo2;rasoliveira
arthuralvim;rasoliveira
roselmamendes;rasoliveira
raquelguimaraes;rasoliveira
raony;rasoliveira
johanngomes;rasoliveira
Bonifacio2;rasoliveira
karlafalcao;douglaslira
tuliohmendes;douglaslira
AbrantesMar;douglaslira
fehaa;douglaslira
joaopaulosama;douglaslira
arthuralvim;chocoelho
vanessa;chocoelho
amandasavluchinske;chocoelho
hugobessa;chocoelho
henvic;tomersimis
peaonunes;tomersimis
caionovaes;tomersimis
acmh;tomersimis
macm3;tomersimis
lapl;tomersimis
jpedrocm;tomersimis
pedrovsra;tomersimis
brunobasto;marcellustavares
guiocavalcanti;marcellustavares
interaminense;marcellustavares
victorlaerte;marcellustavares
patrickrbc;marcellustavares
alexpessoajr;marcellustavares
inacionery;marcellustavares
rafaprax;marcellustavares
pedroqueiroz;marcellustavares
aperrelli;marcellustavares
henriquemc;marcellustavares
arthuralvim;karlafalcao
guiocavalcanti;karlafalcao
tuliohmendes;karlafalcao
dayvsonlima;karlafalcao
hamorim;karlafalcao
FranciscoMarinho;karlafalcao
fecalemos;karlafalcao
tpmarcs;karlafalcao
manunejaim;karlafalcao
esdrascavalcs;karlafalcao
paulorec;jordanamorais
interaminense;jordanamorais
victorlaerte;jordanamorais
diegonvs;jordanamorais
alexpessoajr;jordanamorais
HaysaRodrigues;jordanamorais
iagobelo;jordanamorais
rafaprax;jordanamorais
cassiolpaixao90;jordanamorais
tobiasparaiso;jordanamorais
manoelcyreno;jordanamorais
guiocavalcanti;embs
horaciojcfilho;embs
filipevarjao;embs
brunnogomes;embs
filipewl;embs
dmente03;embs
esdrascavalcs;embs
gileno;dvro
renatooliveira;dvro
fjsj;dvro
henriquemenezes;dvro
guilhermepaiva;dvro
caionovaes;dvro
antoniocorreia;dvro
thypad;dvro
filipeximenes;patrickrbc
renatooliveira;patrickrbc
luiztiago;patrickrbc
fjsj;patrickrbc
arthuralvim;patrickrbc
eduardocruz;patrickrbc
brunnogomes;patrickrbc
tcostam;patrickrbc
filipe0513;patrickrbc
marcelolima;patrickrbc
chocoelho;andresmachado
henvic;vinicius3w
fernandocastor;vinicius3w
jeandersonbc;vinicius3w
rbm4;vinicius3w
jbsn94;vinicius3w
gilesv;vinicius3w
aacgn;vinicius3w
eduardosm7;vinicius3w
pedrojsn96;vinicius3w
ThiagoAquino;vinicius3w
leonardooo;thiagoarrais
luiztiago;deyvisonrocha
guilhermefarias;deyvisonrocha
yelken;deyvisonrocha
julihermes;deyvisonrocha
lucascmelo;deyvisonrocha
soikmd2;deyvisonrocha
renatoalvesdev;deyvisonrocha
marcelcaraciolo;filipevarjao
guiocavalcanti;filipevarjao
embs;filipevarjao
brunnogomes;filipevarjao
ThaisaMirely;filipevarjao
acmh;filipevarjao
tvarjao;filipevarjao
esdrascavalcs;filipevarjao
felipechaulet;filipevarjao
hamorim;brunolimawd
FranckAJ;brunolimawd
FranciscoMarinho;brunolimawd
marcoshmendes;brunolimawd
brunodutra;brunolimawd
andreximenes;brunolimawd
tiagoalsilva;brunolimawd
filipeximenes;victorcarrico
fjsj;victorcarrico
arthuralvim;victorcarrico
vanessa;victorcarrico
casevictor;victorcarrico
meiralins;victorcarrico
felipefarias;victorcarrico
amandasavluchinske;victorcarrico
ntocampos;victorcarrico
VictorViana;tarcisio-marinho
paulorec;alexpessoajr
alsmoreira;alexpessoajr
interaminense;alexpessoajr
victorlaerte;alexpessoajr
diegonvs;alexpessoajr
jordanamorais;alexpessoajr
inacionery;alexpessoajr
rafaprax;alexpessoajr
eudesll;alexpessoajr
alinedoleron;alexpessoajr
allanragec;alexpessoajr
tobiasparaiso;alexpessoajr
heitorpaceli;alexpessoajr
simoneas02;mauriciomanoel
giuliosa;mauriciomanoel
acmh;ovictoraurelio
ThiagoAugustoSM;ovictoraurelio
jgfn1;ovictoraurelio
Valgueiro;ovictoraurelio
Leviterus;ovictoraurelio
almdac;ovictoraurelio
aht360;ovictoraurelio
marcelcaraciolo;brunnogomes
gileno;brunnogomes
renatooliveira;brunnogomes
fernandogrd;brunnogomes
arthuralvim;brunnogomes
guiocavalcanti;brunnogomes
henriquemenezes;brunnogomes
embs;brunnogomes
patrickrbc;brunnogomes
filipevarjao;brunnogomes
lipse;brunnogomes
nielsonsantana;brunnogomes
fernandopereira;brunnogomes
luiztiago;arthurmichel
guilhermefarias;arthurmichel
yelken;arthurmichel
sergiohampel;arthurmichel
tacionery;arthurmichel
marcoshmendes;arthurmichel
felipemarques8;arthurmichel
douglaslira;tuliohmendes
karlafalcao;tuliohmendes
dayvsonlima;tuliohmendes
gcaraciolo;tuliohmendes
luizlago;tuliohmendes
phbraga;tuliohmendes
carlosvictor;tuliohmendes
rubens73;tuliohmendes
simoneas02;mayrarabelo
dmesquita;mayrarabelo
lhaisrs;mayrarabelo
Suburbanno;mayrarabelo
dmente03;mayrarabelo
roselmamendes;akshaykarle
roselmamendestw;akshaykarle
simoneas02;lhaisrs
mayrarabelo;lhaisrs
alexjosesilva;lhaisrs
rodolfoestevam;lhaisrs
Jemesson;lhaisrs
tiagocalisto;lhaisrs
bernardoreis;lhaisrs
gileno;irgmedeiros
simoneas02;irgmedeiros
filipeximenes;irgmedeiros
renatooliveira;irgmedeiros
fjsj;irgmedeiros
arthuralvim;irgmedeiros
roselmamendes;irgmedeiros
rasoliveira;irgmedeiros
johanngomes;irgmedeiros
klebercode;irgmedeiros
esdrascavalcs;irgmedeiros
deividazevedo2;HaysaRodrigues
interaminense;HaysaRodrigues
victorlaerte;HaysaRodrigues
diegonvs;HaysaRodrigues
jordanamorais;HaysaRodrigues
frankjuniorr;HaysaRodrigues
alexandreclayton;HaysaRodrigues
manoelcyreno;HaysaRodrigues
tamiresa;HaysaRodrigues
simoneas02;iagobelo
yelken;iagobelo
rodolfoestevam;iagobelo
Vitor0liveira;iagobelo
mauLeal;iagobelo
MaryCaroline;iagobelo
deyvisonrocha;yelken
iagobelo;yelken
rodolfoestevam;yelken
saulobr88;yelken
joaopaulosama;yelken
esdrascavalcs;yelken
draraujoo;yelken
sjcostaneto;ramonsantos
eltonrufino;ramonsantos
simoneas02;pereiragislene
roselmamendes;pereiragislene
irgmedeiros;pereiragislene
karlafalcao;dayvsonlima
alexpessoajr;dayvsonlima
tuliohmendes;dayvsonlima
hamorim;dayvsonlima
joseronierison;dayvsonlima
luizpaulogodoy;dayvsonlima
hugolhmartins;dayvsonlima
gileno;lmarinho
filipeximenes;lmarinho
renatooliveira;lmarinho
brunocoelho;lmarinho
arthuralvim;lmarinho
lailsonbm;lmarinho
lmmenge;lmarinho
thiagodiniz;lmarinho
gvc;lmarinho
embs;lmarinho
araujoraphael;lmarinho
dmente03;lmarinho
fchicout;mateusrevoredo
FranciscoMarinho;mateusrevoredo
ThomazFB;mateusrevoredo
marlosin;mateusrevoredo
deyvisonbm;mateusrevoredo
fernandocastor;paulolieuthier
pcstl;paulolieuthier
horaciojcfilho;paulolieuthier
tomersimis;paulolieuthier
peaonunes;paulolieuthier
caionovaes;paulolieuthier
guiocavalcanti;hamorim
karlafalcao;hamorim
tpmarcs;hamorim
henriquemc;hamorim
jonatascp;hamorim
simoneas02;frankjuniorr
HaysaRodrigues;frankjuniorr
yelken;frankjuniorr
FranciscoMarinho;frankjuniorr
ericbbraga;frankjuniorr
favasconcelos;frankjuniorr
lpmourato;frankjuniorr
lmyboy;frankjuniorr
victorlaerte;leopoldomt
jeandersonbc;leopoldomt
pauloborba;leopoldomt
embs;leopoldomt
dvro;leopoldomt
abelb0rges;leopoldomt
luishmelo;leopoldomt
albertmourato;leopoldomt
jhdavino;leopoldomt
ArthurLapprand;leopoldomt
Gabisampaio;leopoldomt
johanngomes;arthurms
talitaoliveira;vanessa
interaminense;vanessa
amandasavluchinske;vanessa
eduardolsneto2;vanessa
alnp;vanessa
brunocoelho;julianalucena
guiocavalcanti;julianalucena
embs;julianalucena
ThaisaMirely;julianalucena
peaonunes;julianalucena
fltiago;julianalucena
tacionery;julianalucena
aricardoreis;julianalucena
adrielcafe;casevictor
victorcarrico;casevictor
RodrigoCastiel;casevictor
meiralins;casevictor
pernambucano;casevictor
mateusrevoredo;fchicout
sudorafa;fchicout
casevictor;RodrigoCastiel
bebetocf;RodrigoCastiel
phrps;RodrigoCastiel
filipeximenes;lipse
zimmerle;lipse
guiocavalcanti;lipse
brunnogomes;lipse
daniellqueiroz;lipse
lauromoura;lipse
nielsonsantana;lipse
rafaelllins;lipse
pedroboudoux;marcosisocram
wagnerbeethoven;marcosisocram
renatooliveira;omailson
brunocoelho;omailson
fernandogrd;omailson
arthuralvim;omailson
dvro;omailson
lauromoura;omailson
figueredo;omailson
fdsadat;omailson
willfelix;djalmaafilho
jonatascp;djalmaafilho
Jemesson;djalmaafilho
phsg;djalmaafilho
sflorencio;djalmaafilho
mayrarabelo;ThaisaMirely
AbrantesMar;ThaisaMirely
ThomazFB;ThaisaMirely
rcbop;ThaisaMirely
esdrascavalcs;ThaisaMirely
rafaelgsm;ThaisaMirely
cConectando;ThaisaMirely
simoneas02;alexjosesilva
tomersimis;peaonunes
caionovaes;peaonunes
luishmelo;peaonunes
lvrma;peaonunes
dgmneto;peaonunes
macm3;peaonunes
lapl;peaonunes
diegonvs;itsmealves
cauannelinhares;itsmealves
MauricioLimaJR;itsmealves
renatohlf;itsmealves
paulapithon;itsmealves
albjoaov;itsmealves
luanfonceca;meiralins
filipeximenes;meiralins
fjsj;meiralins
arthuralvim;meiralins
pcstl;meiralins
victorcarrico;meiralins
hugobessa;meiralins
leuthier;Gustavomagalhaes
danielcandidos;Gustavomagalhaes
MatheusUehara;Gustavomagalhaes
luanfonceca;felipefarias
filipeximenes;felipefarias
fjsj;felipefarias
brunocoelho;felipefarias
chocoelho;felipefarias
vanessa;felipefarias
meiralins;felipefarias
amandasavluchinske;felipefarias
henvic;rpragana
lipse;rpragana
williambeto;mirjahal
luanoliveira1992;mirjahal
neryluc;mirjahal
talitaoliveira;Cisneiros
pcstl;Cisneiros
henriquemenezes;Cisneiros
peaonunes;Cisneiros
caionovaes;Cisneiros
lapl;Cisneiros
pnasc;Cisneiros
dayvisons;Cisneiros
hnka;matheusmariano
pablostellet;matheusmariano
edunjr;matheusmariano
ignispider;matheusmariano
interaminense;inacionery
victorlaerte;inacionery
diegonvs;inacionery
alexpessoajr;inacionery
rafaprax;inacionery
pedroqueiroz;inacionery
lhaisrs;caiobsouza
tomazhawkjr;caiobsouza
jonathasbsouza;caiobsouza
antoniosj;eduardo-melo
rmd2;eduardo-melo
karlafalcao;FranciscoMarinho
frankjuniorr;FranciscoMarinho
thiagoolsilva;FranciscoMarinho
lpmourato;FranciscoMarinho
wallacethierre;FranciscoMarinho
lipse;daniellqueiroz
gpb;daniellqueiroz
simoneas02;felipedealbuquerque
jonathanslima;felipedealbuquerque
thiagoarrais;felipedealbuquerque
fecalemos;felipedealbuquerque
sfilhu;felipedealbuquerque
rodrigoperazzo;felipedealbuquerque
dmente03;felipedealbuquerque
andreximenes;felipedealbuquerque
celsonrd;felipedealbuquerque
simoneas02;WandersonAlves
talitaoliveira;WandersonAlves
matheusFTC;WandersonAlves
gcaraciolo;WandersonAlves
cassiolpaixao90;WandersonAlves
fehaa;WandersonAlves
felipeisidorio;WandersonAlves
guuhh;WandersonAlves
viniciusmantero;WandersonAlves
gileno;araujoraphael
renatooliveira;araujoraphael
fjsj;araujoraphael
arthuralvim;araujoraphael
guiocavalcanti;araujoraphael
embs;araujoraphael
guilhermepaiva;araujoraphael
fernandopereira;araujoraphael
FilipelIOn;araujoraphael
vanessa;rvlb-19
RodrigoCastiel;rvlb-19
amandasavluchinske;rvlb-19
phrps;rvlb-19
mateusnbm;rvlb-19
mattvie;rvlb-19
pauloborba;herbertt
iagobelo;herbertt
lubarinobr;herbertt
thaisabr;herbertt
marcelcaraciolo;lauromoura
lipse;lauromoura
nielsonsantana;lauromoura
arthuralvim;victorfsf
matheuslins;victorfsf
interaminense;brandizzi
diegonvs;brandizzi
alexpessoajr;brandizzi
inacionery;brandizzi
pedroqueiroz;brandizzi
paulorec;rafaprax
interaminense;rafaprax
victorlaerte;rafaprax
diegonvs;rafaprax
jordanamorais;rafaprax
alexpessoajr;rafaprax
inacionery;rafaprax
pedroqueiroz;rafaprax
interaminense;pedroqueiroz
victorlaerte;pedroqueiroz
diegonvs;pedroqueiroz
alexpessoajr;pedroqueiroz
inacionery;pedroqueiroz
rafaprax;pedroqueiroz
AlexandreDiegoS;pedroqueiroz
arthuralvim;setanta
henriquemenezes;setanta
thiagoarrais;setanta
lauromoura;setanta
henriquemenezes;AbrantesMar
fehaa;AbrantesMar
eduardobaia;AbrantesMar
simoneas02;TigerRobocop
talitaoliveira;TigerRobocop
interaminense;TigerRobocop
diegonvs;TigerRobocop
thiagoarrais;TigerRobocop
HaysaRodrigues;TigerRobocop
dayvsonlima;joseronierison
guuhh;joseronierison
roselmamendes;rcaval
rasoliveira;rcaval
karlafalcao;rcaval
luanfonceca;andersonresende
fjsj;andersonresende
chocoelho;andersonresende
vanessa;andersonresende
meiralins;andersonresende
amandasavluchinske;andersonresende
horaciojcfilho;foolOnTheHill
caionovaes;foolOnTheHill
interaminense;cleydyr
diegonvs;cleydyr
karlafalcao;cleydyr
jordanamorais;cleydyr
embs;cleydyr
inacionery;cleydyr
filipeluiz;cleydyr
pcstl;hpbl
horaciojcfilho;hpbl
paulorec;eudesll
alsmoreira;eudesll
interaminense;eudesll
victorlaerte;eudesll
alexpessoajr;eudesll
peaonunes;eudesll
heitorpaceli;eudesll
simoneas02;raquelguimaraes
roselmamendes;raquelguimaraes
jeandersonbc;raquelguimaraes
rasoliveira;raquelguimaraes
ktquez;oliveriojnn
talitaoliveira;oliveriojnn
tancredosouza;igormp
prximenes;igormp
AugustoQueiroz;igormp
PunishedBois;igormp
pcstl;rodolfoestevam
iagobelo;rodolfoestevam
mauLeal;rodolfoestevam
luhanlacerda;rodolfoestevam
claudvanbarret;rodolfoestevam
felipehmsilveira;rodolfoestevam
dvro;guilhermepaiva
antoniocorreia;guilhermepaiva
adailsonfilho;guilhermepaiva
felipedemacedo;guilhermepaiva
talitaoliveira;matheusFTC
andersongns;matheusFTC
amandavelino;matheusFTC
roselmamendes;alvarocavalcanti
rasoliveira;alvarocavalcanti
thiagoprazeres;leuthier
wellington16;leuthier
brunapvasconcelos;leuthier
joaopaulosama;leuthier
FilipelIOn;leuthier
guilhermefarias;gcaraciolo
tuliohmendes;gcaraciolo
WandersonAlves;gcaraciolo
luizlago;gcaraciolo
marcoshmendes;gcaraciolo
tamiresa;gcaraciolo
deyvisonrocha;julihermes
renatoalvesdev;julihermes
guiocavalcanti;rsilvabr
guiocavalcanti;lpmfilho
mauriciomanoel;lpmfilho
marcelcaraciolo;nielsonsantana
filipeximenes;nielsonsantana
arthuralvim;nielsonsantana
lipse;nielsonsantana
geocarvalho;nielsonsantana
jamissonfreitas;nielsonsantana
diogocaetano;nielsonsantana
brunofarache;sgosantos
victorlaerte;sgosantos
henriquemenezes;sgosantos
diegonvs;sgosantos
alexpessoajr;sgosantos
igoriols;sgosantos
ledebour;sgosantos
daniellqueiroz;mabj
gpb;mabj
mirjahal;esdrascosta
carlosvictor;esdrascosta
diegocamara;esdrascosta
clovisdasilvaneto;jeftarmascarenhas
talitaoliveira;jeftarmascarenhas
diegonvs;jeftarmascarenhas
witerbino;jeftarmascarenhas
zecafeitosa;jeftarmascarenhas
xewertonfilipe;jeftarmascarenhas
clovisdasilvaneto;alinedoleron
interaminense;alinedoleron
diegonvs;alinedoleron
alexpessoajr;alinedoleron
grodrigues;alinedoleron
AvelinoGomez;alocjr
JamessonCheron;alocjr
ClaytonRocha;alocjr
simoneas02;leonardooo
thiagoarrais;leonardooo
luiztiago;sergiohampel
guilhermefarias;sergiohampel
arthurmichel;sergiohampel
WandersonAlves;sergiohampel
leonardopaiva;sergiohampel
lvrma;t0rr3sp3dr0
jgfn1;t0rr3sp3dr0
adecarli;t0rr3sp3dr0
gan640;t0rr3sp3dr0
wellington16;brunosan7os
andreldm;mulatinho
aeciojr;mulatinho
frankjuniorr;thiagoolsilva
FranciscoMarinho;thiagoolsilva
horaciojcfilho;caionovaes
tomersimis;caionovaes
peaonunes;caionovaes
foolOnTheHill;caionovaes
henvic;hnka
SilvaDecio;hnka
sccrn;hnka
eduardascharnhorst;hnka
arthuralvim;fltiago
guiocavalcanti;fltiago
embs;fltiago
lipse;fltiago
aricardoreis;fltiago
luiztiago;lucascmelo
henvic;lucascmelo
guilhermefarias;lucascmelo
deyvisonrocha;lucascmelo
ivanAndrade;lucascmelo
pcstl;acmh
tomersimis;acmh
ovictoraurelio;acmh
ntocampos;acmh
aht360;acmh
interaminense;rafoli
jordanamorais;rafoli
HaysaRodrigues;rafoli
manoelcyreno;rafoli
izaiasavila;rafoli
jonatascp;rafoli
jamissonfreitas;geocarvalho
wbgalvao;geocarvalho
karlafalcao;nivan
abelb0rges;nivan
mateusrevoredo;ThomazFB
ThaisaMirely;ThomazFB
frankjuniorr;rbrazileiro
giovanebribeiro;rbrazileiro
paulorec;ramon-v
interaminense;ramon-v
victorlaerte;ramon-v
jordanamorais;ramon-v
alexpessoajr;ramon-v
tobiasparaiso;ramon-v
arthuralvim;ericbbraga
frankjuniorr;ericbbraga
andremelo87;ericbbraga
favasconcelos;ericbbraga
tamiresa;ericbbraga
talitaoliveira;andersongns
jonathanslima;andersongns
matheusFTC;andersongns
caiochagas;andersongns
carloseachaves;rcbop
mulatinho;andreldm
paulobsa;andreldm
moisespalma;andreldm
horaciojcfilho;paulomenezes
luizlago;paulomenezes
luizfranca;paulomenezes
fjmartins;paulomenezes
renatohlf;paulomenezes
renatooliveira;debscorreia
gileno;juliosmelo
arthuralvim;juliosmelo
sfilhu;juliosmelo
roselmamendes;brunovpl
igoriols;brunovpl
staylward;brunovpl
gtgsantos;brunovpl
JohnsonMauro;lubarinobr
joelnetodev;lubarinobr
witerbino;lubarinobr
GutenbergCarlos;lubarinobr
larislav;lubarinobr
eduardocruz;misawsneto
wagnerpaxs;misawsneto
macm3;leoreinaux
khurama;leoreinaux
Gustavomagalhaes;thiagoprazeres
leuthier;thiagoprazeres
AlexSoaresDeSiqueira;douglas-queiroz
allanragec;douglas-queiroz
jhdavino;douglas-queiroz
filipeximenes;raony
rasoliveira;raony
thiagoarrais;raony
thiagoarrais;adilsonchacon
lipse;adilsonchacon
vanessa;citiufpe
amandasavluchinske;citiufpe
eduardolsneto2;citiufpe
alnp;citiufpe
ericbbraga;andremelo87
favasconcelos;andremelo87
tcostam;andremelo87
chocoelho;rsarai
vanessa;rsarai
amandasavluchinske;rsarai
assj;rsarai
lucasbiagini;caiocaladoo
pnasc;caiocaladoo
edigomes;Artrogeno
tuliohmendes;luizlago
gcaraciolo;luizlago
paulomenezes;luizlago
lpmourato;luizlago
rubens73;luizlago
frankjuniorr;favasconcelos
ericbbraga;favasconcelos
andremelo87;favasconcelos
jalexc;favasconcelos
tamiresa;favasconcelos
ArthurLCastro;eron93br
gabrielteodosio;flpn
gustavomeloGH;flpn
koodaa;flpn
talitaoliveira;grodrigues
sfilhu;leonardopaiva
filipeximenes;dudurocha
renatooliveira;dudurocha
brunocoelho;dudurocha
arthuralvim;dudurocha
irgmedeiros;dudurocha
felipefarias;dudurocha
Juniorlimaivd;hfbassani
phbraga;hfbassani
bebetocf;hfbassani
renatooliveira;isabarros
roselmamendes;isabarros
embs;isabarros
daniellqueiroz;gpb
simoneas02;wwcoderecife
jordanamorais;wwcoderecife
joaopaulosama;wwcoderecife
filipeximenes;guilhermebm
fjsj;guilhermebm
thiagodiniz;guilhermebm
andrebuarque;guilhermebm
arthuralvim;pernambucano
leoamf;pernambucano
victorpluna;AlexSoaresDeSiqueira
leoamf;AlexSoaresDeSiqueira
willfelix;dennys-bd
petermademann;dennys-bd
filipeximenes;chicofilho
meiralins;chicofilho
filipe0513;chicofilho
flpn;gabrielteodosio
gustavomeloGH;gabrielteodosio
luiztiago;aperrelli
jordanamorais;aperrelli
cleydyr;aperrelli
tuliohmendes;phbraga
Juniorlimaivd;phbraga
bebetocf;phbraga
roselmamendes;jpaulorio
ramonsantos;sjcostaneto
guilhermefarias;paulinhoerry
grodrigues;paulinhoerry
roselmamendes;johanngomes
andersonberg;gillianomenezes
joaopaulosama;gillianomenezes
Juniorlimaivd;bebetocf
jeandersonbc;luishmelo
peaonunes;luishmelo
AbrantesMar;antoniosj
mangelis;antoniosj
andrefilipesz;antoniosj
KewinLima;dnloliveira1
rodolfoestevam;cassiolpaixao90
fehaa;cassiolpaixao90
izaiasavila;cassiolpaixao90
luizpaulogodoy;lhew
patomarques;lhew
brunosouza;lhew
jmignac;lhew
mirjahal;williambeto
julihermes;williambeto
paulomenezes;luizfranca
giovannipcarvalho;luizfranca
guiocavalcanti;filipewl
gvc;filipewl
embs;filipewl
lbrito1;filipewl
leonardopaiva;pianolab
rodrigojulianib;KewinLima
brunofarache;igoriols
henriquemenezes;igoriols
brunovpl;igoriols
leuthier;wellington16
brunosan7os;wellington16
cleydyr;filipeluiz
fecalemos;filipeluiz
simoneas02;JohnsonMauro
talitaoliveira;JohnsonMauro
lubarinobr;JohnsonMauro
joelnetodev;JohnsonMauro
tcostam;luizpaulogodoy
jmignac;luizpaulogodoy
valterh4ck3r;Masterfoni
frog789;Masterfoni
ThomasSousa96;Masterfoni
joaopaulosama;Masterfoni
henriquemenezes;marcocarnut
lipse;marcocarnut
matheuslins;MarcusDEFGH
gvc;lbrito1
embs;lbrito1
filipewl;lbrito1
henriquemenezes;tcostam
andremelo87;tcostam
luizpaulogodoy;tcostam
diegonvs;MauricioLimaJR
itsmealves;MauricioLimaJR
alsmoreira;Allansantosdefreitas
andersonpe;Allansantosdefreitas
ovictoraurelio;ThiagoAugustoSM
Leviterus;ThiagoAugustoSM
simoneas02;ronaldoveras
guilhermefarias;ronaldoveras
ViniFlira;ronaldoveras
brunnogomes;fernandopereira
araujoraphael;fernandopereira
GeneseLessa;fernandopereira
danilosoares;fernandopereira
luiztiago;thiagotargino
victorlaerte;allanragec
alexpessoajr;allanragec
llac78;allanragec
vmms16;carvalhodj
UdneyCarvalho;carvalhodj
belcsantiago;carvalhodj
lipse;lucianowolf
lauromoura;lucianowolf
esdrascavalcs;patomarques
filipeximenes;filipe0513
fjsj;filipe0513
patrickrbc;filipe0513
chicofilho;filipe0513
luizfranca;giovannipcarvalho
paulorec;tobiasparaiso
interaminense;tobiasparaiso
victorlaerte;tobiasparaiso
alexpessoajr;tobiasparaiso
mirjahal;luanoliveira1992
iagobelo;Vitor0liveira
rodolfoestevam;Vitor0liveira
MatheusSouza12;Vitor0liveira
luhanlacerda;Vitor0liveira
victorlaerte;albertmourato
diegonvs;albertmourato
wba25;albertmourato
paulomenezes;fjmartins
gustavomeloGH;fjmartins
thiagoarrais;estevaocm
filipevarjao;tvarjao
rafaelfvcs;elidioxg
WandersonAlves;fehaa
cassiolpaixao90;fehaa
vinyfalcao;fehaa
felipedealbuquerque;fecalemos
filipeluiz;fecalemos
leuthier;brunapvasconcelos
luiztiago;viniciusgalvao
dmente03;viniciusgalvao
tcostam;joaozig
guilhermebrandao;rennanmoura1990
tonnyvx;rennanmoura1990
jonathanslima;medeirosrod
frankjuniorr;medeirosrod
rasoliveira;Bonifacio2
peaonunes;lvrma
t0rr3sp3dr0;lvrma
adecarli;lvrma
victorfsf;matheuslins
filipeximenes;andersonberg
gillianomenezes;andersonberg
mangueBit;rbm4
LGR3;rbm4
luiztiago;brunosouza
medeirosrod;brunosouza
Eviomarcio;aeciovc
tuliohmendes;pethersilva
AJS99;niltonheck
deyvisonrocha;diogobrsantos
soikmd2;diogobrsantos
deyvisonrochaidealizza;diogobrsantos
peaonunes;dgmneto
macm3;dgmneto
moisespalma;consensotec
sabrinagmcruz;consensotec
arthuralvim;gppeixoto
peaonunes;gppeixoto
jpedrocm;gppeixoto
vinimoraesrc;gppeixoto
roselmamendes;ricardowendell
rasoliveira;ricardowendell
deyvisonrocha;wfsneto
julihermes;wfsneto
peaonunes;tonidas
Cisneiros;tonidas
Leviterus;MiniMarvin
MichaelBarney;MiniMarvin
GabrielVanderlei;MiniMarvin
arthurmichel;marcoshmendes
lucianojsjr;marcoshmendes
luanfonceca;klebercode
irgmedeiros;klebercode
juniorbrasil;klebercode
Thyerry;MayaraCastro
arthuralvim;sfilhu
victorpluna;sfilhu
lubarinobr;joelnetodev
JohnsonMauro;joelnetodev
ramonsantos;eltonrufino
eduardobaia;eltonrufino
filipeximenes;arineto
arthuralvim;arineto
chocoelho;arineto
matheuslins;arineto
matequeiroz;jaimenejaim
ovictoraurelio;tancredosouza
igormp;tancredosouza
Juniorlimaivd;tancredosouza
AugustoQueiroz;tancredosouza
rcag2;tancredosouza
caionovaes;joelcipriano
patrickrbc;marcelolima
ThomasSousa96;valterh4ck3r
luizpaulogodoy;jmignac
filipeximenes;antoniocorreia
guilhermepaiva;antoniocorreia
felipedemacedo;antoniocorreia
mateusrevoredo;marlosin
hamorim;tpmarcs
lpmourato;tpmarcs
luiztiago;ivanAndrade
deyvisonrocha;ivanAndrade
lucascmelo;ivanAndrade
mayarajuvencio;Rafaziz
diegonvs;renatohlf
itsmealves;renatohlf
paulomenezes;renatohlf
SilvaDecio;renatohlf
leleofg;raphaelmonte
islanilton;raphaelmonte
phbraga;erickjung
tuliohmendes;lpmourato
frankjuniorr;lpmourato
FranciscoMarinho;lpmourato
luizlago;lpmourato
tpmarcs;lpmourato
filipeximenes;felipesotero
renatooliveira;felipesotero
arthuralvim;felipesotero
engtom;wagnerpaxs
peaonunes;macm3
mangueBit;macm3
rennanmoura1990;guilhermebrandao
tonnyvx;guilhermebrandao
renatooliveira;rmd2
arthuralvim;rmd2
embs;rmd2
feliperfmarques;davincif
tuliohmendes;carlosvictor
izaiasavila;carlosvictor
ramonsantos;jefferson-lima
simoneas02;mariojor
tomersimis;lapl
peaonunes;lapl
vinimoraesrc;lapl
Gustavomagalhaes;danielcandidos
luizfranca;danielcandidos
eduardoluiz7;wba25
ktquez;saulobr88
yelken;saulobr88
Jeffguitar;saulobr88
vanessa;amandasavluchinske
alnp;amandasavluchinske
frankjuniorr;filipecalegario
FlavioCastroFilho;figueredo
alsmoreira;ArthurLCastro
diogobrsantos;linhaplana
pedroboudoux;linhaplana
renatooliveira;hugobessa
diegonvs;hugobessa
xewertonfilipe;marcelogalvao
JamessonCheron;Uirado
marcoshmendes;lucianojsjr
belcsantiago;iagoneresb
peaonunes;igorvpcleao
jeftarmascarenhas;felipemanga
AbrantesMar;eduardobaia
cleydyr;eduardobaia
fehaa;eduardobaia
eltonrufino;eduardobaia
mirjahal;neryluc
matheusFTC;neryluc
luiztiago;saulolso
luizpaulogodoy;saulolso
alexjosesilva;pablostellet
r4ddek;Daanielvb
licensed;Daanielvb
sergiohampel;netoabel
saulobr88;netoabel
KewinLima;rodrigojulianib
elidioxg;rafaelfvcs
roselmamendes;roselmamendestw
diogoffmelo;vitordeatorreao
wellington16;vmms16
carvalhodj;vmms16
UdneyCarvalho;vmms16
andrelarruda;vmms16
thiagoprazeres;geraldo7junior
roselmamendes;danielfsbarreto
ovictoraurelio;jgfn1
t0rr3sp3dr0;jgfn1
almdac;jgfn1
filipeximenes;victoracioli
fjsj;victoracioli
brunocoelho;victoracioli
guiocavalcanti;soikmd2
deyvisonrocha;soikmd2
diogobrsantos;soikmd2
ovictoraurelio;Valgueiro
IsmaelGomes;sudorafa
marconemm;sudorafa
raphaelmonte;leleofg
rlom;fms6
Masterfoni;frog789
fjmartins;fabiorecife
Leviterus;romildojuliano
ovictoraurelio;Leviterus
ThiagoAugustoSM;Leviterus
romildojuliano;Leviterus
LGR3;Leviterus
rbm4;mangueBit
arthuralvim;victorpluna
AlexSoaresDeSiqueira;victorpluna
sfilhu;victorpluna
Eviomarcio;pricardoti
davilmaster;pricardoti
rbm4;LGR3
Leviterus;LGR3
geocarvalho;jamissonfreitas
flpn;gustavomeloGH
gabrielteodosio;gustavomeloGH
dvro;rcaferraz
angelobrito;rcaferraz
Gustavomagalhaes;MatheusUehara
frankjuniorr;wallacethierre
FranciscoMarinho;wallacethierre
igormp;soareswallace
prximenes;soareswallace
AugustoQueiroz;soareswallace
abhnerAraujo;ianfireman
victorcarrico;ntocampos
acmh;ntocampos
diegonvs;paulapithon
vitordeatorreao;diogoffmelo
leuthier;MatheusSouza12
Vitor0liveira;MatheusSouza12
manoelbet;MatheusSouza12
leonardoaraujo85;rafarocha
pauloborba;guilhermejccavalcanti
embs;guilhermejccavalcanti
arthurmenezesb;guilhermejccavalcanti
interaminense;flaubert165
igorsimoes;igor-simoes
ThiagoAquino;FranclinC
ledebour;raafaelima
wagnerpaxs;engtom
paulomenezes;rafaelroballo
alsmoreira;ThomasSousa96
Masterfoni;ThomasSousa96
valterh4ck3r;ThomasSousa96
rennanmoura1990;tonnyvx
guilhermebrandao;tonnyvx
KLEITONFREITAS;glpibr
marcosisocram;pedroboudoux
wagnerbeethoven;pedroboudoux
victorlaerte;feliperp-81
allanragec;feliperp-81
guilhermepaiva;adailsonfilho
feliperfmarques;adailsonfilho
iagobelo;mauLeal
rodolfoestevam;mauLeal
peaonunes;fmm
MayaraCastro;Thyerry
caionovaes;andreneto
VanessaVieiraVV;lsca
rodolfoestevam;luhanlacerda
Vitor0liveira;luhanlacerda
RodrigoRodrigues7;luhanlacerda
andreldm;paulobsa
joaopaulosama;paulobsa
moisespalma;paulobsa
vitorbc;mmfsf
antoniosj;mangelis
Makqsi;palmeidaprog
victorlaerte;diogo-lins
lubarinobr;witerbino
LucasFranciscoCorreia;lucasrbk
alsmoreira;andersonpe
arthuralvim;andredm
guiocavalcanti;andredm
fehaa;vinyfalcao
willaraul;nathan-lima
claudiopacheco;gabrieldluca
clovisdasilvaneto;manoelcyreno
diegonvs;manoelcyreno
jordanamorais;manoelcyreno
joaoluizdhv;viniciusmsfraga
joaoMonte;viniciusmsfraga
thiagogalvao;caiosm1005
marconemm;IsmaelGomes
raafaelima;ledebour
fernandopereira;GeneseLessa
brunolimawd;brunodutra
leuthier;Matheus-Campos
MatheusSouza12;Matheus-Campos
henriquemenezes;thypad
dvro;thypad
jeandersonbc;thaisabr
pauloborba;thaisabr
allanragec;llac78
arthuralvim;felypenery
alsmoreira;felypenery
alexpessoajr;felypenery
alanav120;thiagohenrique0810
vanessa;eduardolsneto2
amandasavluchinske;eduardolsneto2
allansid;gustavolopess
cleydyr;gabrielanery
fjsj;jrafaelm
eduardocruz;jrafaelm
thiagodiniz;jrafaelm
filipevarjao;jrafaelm
aacgn;gilesv
eduardosm7;gilesv
simoneas02;giuliosa
ronaldoveras;giuliosa
patrickrbc;tavlima
Renartes;lucasbiagini
mirjahal;saulo2
Jemesson;miguel89
rcbop;leimig
mayrarabelo;dmente03
viniciusgalvao;dmente03
sfilhu;PauloSanches
marcelcaraciolo;cinguilherme
nielsonsantana;cinguilherme
gileno;hugoesb
alsmoreira;jcrbsa
alexjosesilva;jcrbsa
paulorec;abhnerAraujo
ianfireman;abhnerAraujo
leonardopaiva;pabloreis
jorgemarc;pabloreis
carlosvictor;izaiasavila
jhdavino;izaiasavila
MatheusSouza12;alisonamerico
gilesv;aacgn
eduardosm7;aacgn
GabrielGouv;aacgn
guiocavalcanti;danilosoares
julihermes;danilosoares
fernandopereira;danilosoares
alexpessoajr;heitorpaceli
AlexSoaresDeSiqueira;erickapsilva
andrelarruda;erickapsilva
moisespalma;brunolrb
mmfsf;vitorbc
ovictoraurelio;almdac
jgfn1;almdac
alsmoreira;silvajonathan
t0rr3sp3dr0;adecarli
luizpaulogodoy;tiagotrigo
jmignac;tiagotrigo
carlosvictor;deyvisonbm
embs;alexodrosgomes
santojon;alexodrosgomes
cConectando;alexodrosgomes
marcosisocram;wagnerbeethoven
grodrigues;wagnerbeethoven
pedroboudoux;wagnerbeethoven
ramonsantos;levisaturnino
paulorec;sabrinandrade
karlafalcao;manunejaim
paulorec;wtmf
alexpessoajr;wtmf
jonathanslima;feliciosan
izaiasavila;jhdavino
roselmamendes;mfeitosa
jordanamorais;josealbino
rafaprax;josealbino
manoelcyreno;josealbino
hnka;SilvaDecio
willfelix;walterjardim
fms6;rlom
deyvisonrocha;jonathantsilva
viniciusgalvao;jonathantsilva
lbrito1;tiagofsilva
luiztiago;fraposo
deyvisonrocha;fraposo
alsmoreira;wagnerbit
igormp;prximenes
AugustoQueiroz;prximenes
Rafaziz;mayarajuvencio
jaimenejaim;matequeiroz
rsarai;assj
AlexandreDiegoS;assj
gilesv;eduardosm7
aacgn;eduardosm7
caiobsouza;rodrigoal
iagoneresb;albinojunior
simoneas02;alicexmelo
ivanAndrade;denissonsantos
interaminense;manoelamorimneto
guilhermedeandrade;romagueralima
pedroqueiroz;AlexandreDiegoS
assj;AlexandreDiegoS
frankjuniorr;felipebelucena
diogobrsantos;jfabiofl
igormp;AugustoQueiroz
prximenes;AugustoQueiroz
PunishedBois;AugustoQueiroz
abelb0rges;Kassio-Ferreira
diegonvs;BernardoHazin
kevinbreaker;BernardoHazin
hnka;kepa
jvog;wesleygcs
flpn;koodaa
yelken;joaopaulosama
klaytoncavalcante;joaopaulosama
renatohlf;AleffSouza
medeirosrod;filipe-torres
paulinhoerry;agcloud
carvalhodj;UdneyCarvalho
vmms16;UdneyCarvalho
IsmaelGomes;marconemm
gabrielteodosio;jean-rar
leticiamachado;paulofloliveira
esdrascavalcs;jessica-rmo
leuthier;daniloBlera
carvalhodj;daniloBlera
luiztiago;madytorres
LGR3;MichaelBarney
cleniomendes;andrebuarque
talitaoliveira;evertonpessoa
israeljunior;evertonpessoa
thiagotargino;guinetik
sfilhu;guinetik
lipse;rafaelllins
MrRickSan;antonioaurel
paulofloliveira;leticiamachado
vitordeatorreao;gdanzi
paulofloliveira;CaioMalaquias
marcelcaraciolo;sergio3010
santojon;fabiorush
FlavioCastroFilho;fabiorush
mirjahal;diegocamara
lgallindo;PedroRafaelDinizMarinho
lubarinobr;GutenbergCarlos
giovanebribeiro;ericksantana
wendeldesouza;flavioms7
matheusFTC;amandavelino
brunocoelho;PedroHPVieira
joaopaulosama;klaytoncavalcante
lucasrbk;LucasFranciscoCorreia
igormp;PunishedBois
AugustoQueiroz;PunishedBois
gustavolopess;filipecmedeiros
vandialves;modcs
rbm4;bernardomelo
VanessaVieiraVV;bernardomelo
r4ddek;italolemos
vanessa;aquelefelipe
amandasavluchinske;aquelefelipe
aricardoreis;anderssonmelo
aacgn;GabrielGouv
jpedroh;GabrielGouv
WandersonAlves;felipeisidorio
valterh4ck3r;AdeildoNeto
filipecabraal;zecafeitosa
tiagocalisto;fabiolindemberg
santojon;borgiani
horaciojcfilho;AleffHenrique
horaciojcfilho;felipebagetti
marcelcaraciolo;joaosantana
GabrielGouv;jpedroh
MatheusSouza12;manoelbet
ovictoraurelio;pnasc
alsmoreira;andredidier
guilherme77;BAMoreira
esdrascavalcs;dayvisons
ThaisaMirely;esdrascavalcs
roselmamendes;roMendes
davidrft;betegelse
caiobsouza;jonathasbsouza
Juniorlimaivd;vbsilva
arthuralvim;tuliocpbs
guilherme77;daidson
antoniosj;andrefilipesz
albjoaov;VictorMouraz
WandersonAlves;guuhh
FernandoRLCruz;guuhh
leuthier;FilipelIOn
arthurmichel;felipemarques8
yelken;draraujoo
soikmd2;tulliusvinicius
dcaragao;diogocaetano
vanessa;alnp
amandasavluchinske;alnp
talitaoliveira;yeltsinseal
tcostam;rafaelgsm
guiocavalcanti;matheusmmx
joaoluizdhv;dpm-cin
patrickrbc;rnns
andersongns;caiochagas
marcosisocram;hfcamilo
victoraldabalde;gugacarvalho
t0rr3sp3dr0;monteiro-luiz
joaopaulosama;EduardoAmaral
VictorMouraz;albjoaov
acmd;joaoluizdhv
matheusqfs;atailton
leonardoaraujo85;marcomachado
antoniocorreia;felipedemacedo
cleniomendes;felipedemacedo
iagoneresb;belcsantiago
iagobelo;MaryCaroline
tcostam;WilbertoFilho
atilarec;WilbertoFilho
leopoldomt;Gabisampaio
macm3;Gabisampaio
rodolfoestevam;claudvanbarret
esdrascavalcs;itamarsilva
iagobelo;diegotsouza83
lucasbiagini;andalvalmeida
t0rr3sp3dr0;gan640
omailson;igoleo
lubarinobr;larislav
fernandofragoso;ricardovasc
atailton;matheusqfs
mayrarabelo;wlcosta
luhanlacerda;RodrigoRodrigues7
embs;diogoan
atailton;brunofalc
Uirado;JamessonCheron
guiocavalcanti;adozrocha
horaciojcfilho;ebl4
leuthier;hugosteixeira
embs;rodrigomuribec
fchicout;dolalima
Crypttus;KauanRodrigues
krixapolinario;iatj
karlafalcao;andreleitao
cauannelinhares;jbjj
diogoan;hugonmelo
hnka;sccrn
arthuralvim;feliperod
omailson;fdsadat
andrebuarque;cleniomendes
geocarvalho;wbgalvao
henvic;FernandaLandim
erickjung;taurustech
atailton;petrusaugusto
lucasbarross;rafaelmotaalves
brunovpl;staylward
ovictoraurelio;aht360
wba25;eduardoluiz7
gabrieldluca;claudiopacheco
favasconcelos;jalexc
hnka;eduardascharnhorst
modcs;vandialves
rafaelgsm;flavindias
rennanmoura1990;RobsonPereira13
gtgsantos;batebit
tcostam;wilberto-blaze
klebercode;juniorbrasil
caiosm1005;thiagogalvao
andreximenes;rfapo
rafaelmotaalves;lucasbarross
beugenio;wsantanapitang
ramonsantos;cassianoricardo
luizlago;rubens73
feliperfmarques;joelbarbosamoraes
AlexSoaresDeSiqueira;raniel90
MatheusUehara;IgorGomess
lucasbiagini;Renartes
joaoluizdhv;acmd
joaopaulosama;BonnerAthos
guinetik;ericmilfont
medeirosrod;hforesti
giovanebribeiro;slunart
iagobelo;lmyboy
rafaelborja;jpfreire
tcostam;emesonsantana
arthuralvim;joycelima
rsaRodrigoSales;jeffrs
sfilhu;danielAtOgilvy
WandersonAlves;viniciusmantero
julihermes;renatoalvesdev
horaciojcfilho;reueljonathan
leimig;alejoceballos
LucasLJorge;ericlrf
Gustavomagalhaes;mgrb
julioamorim;84PC04
VanessaVieiraVV;svaf2
daniellyqueiroz;JNMarcos
brunnogomes;axontec
