User,fill
henriquemenezes,#df89ff
tarruda,#4c463e
paulolieuthier,#73c000
meiralins,#df89ff
dapine,#4c463e
spider8,#4c463e
simoneas02,#ff5584
mairatma,#00c4ff
henvic,#00c4ff
diegonvs,#00c4ff
andrewesteves,#00c4ff
karlafalcao,#4c463e
patrickrbc,#df89ff
alexpessoajr,#00c4ff
iagobelo,#00bd94
pereiragislene,#ff5584
pedroqueiroz,#00c4ff
filipewl,#df89ff
albertmourato,#00c4ff
aperrelli,#00c4ff
grodrigues,#00c4ff
tcostam,#4c463e
fmm,#73c000
brunover,#00c4ff
luanfonceca,#df89ff
joselitojunior1,#73c000
renatooliveira,#df89ff
talitaoliveira,#c0c0c0
pcstl,#73c000
embs,#df89ff
arthurmichel,#ff8805
mauriciomanoel,#ff5584
Cisneiros,#73c000
mirjahal,#d3b3b0
ThaisaMirely,#73c000
peaonunes,#73c000
paulomenezes,#73c000
thiagotargino,#d3b3b0
witerbino,#00c4ff
levisaturnino,#ff5584
andreximenes,#4c463e
evertonpessoa,#c0c0c0
esdrascavalcs,#73c000
dayvisons,#73c000
andreguigo,#73c000
marcelcaraciolo,#df89ff
gileno,#df89ff
filipeximenes,#df89ff
fjsj,#df89ff
arthuralvim,#df89ff
victorcarrico,#df89ff
thiagoarrais,#c0c0c0
filipevarjao,#df89ff
brunnogomes,#df89ff
irgmedeiros,#df89ff
lipse,#df89ff
Gustavomagalhaes,#c0c0c0
daniellqueiroz,#c0c0c0
lauromoura,#df89ff
nielsonsantana,#df89ff
guilhermepaiva,#df89ff
geocarvalho,#df89ff
jamissonfreitas,#df89ff
wellington16,#df89ff
klebercode,#df89ff
mangueBit,#73c000
angelobrito,#df89ff
hugoesb,#df89ff
joaosantana,#df89ff
wbgalvao,#df89ff
deividazevedo2,#df89ff
dmesquita,#ff5584
thiagodiniz,#df89ff
chocoelho,#df89ff
dvro,#df89ff
araujoraphael,#df89ff
juliosmelo,#df89ff
matheuslins,#df89ff
FilipelIOn,#df89ff
WesleyJw,#df89ff
progerbr,#df89ff
ktquez,#c0c0c0
kessiacastro,#ff5584
mayrarabelo,#ff5584
ramonsantos,#ff5584
Suburbanno,#ff5584
alexjosesilva,#ff5584
leticiamachado,#ff5584
WandersonAlves,#c0c0c0
TigerRobocop,#00c4ff
leonardooo,#c0c0c0
JohnsonMauro,#00c4ff
Allansantosdefreitas,#ff8805
corallocatelli,#ff5584
eltonrufino,#ff5584
ronaldoveras,#ff8805
daicorrea,#ff5584
abriela,#ff5584
AnnyChien,#ff5584
tecavasconcelos,#ff5584
mikeliguedes,#ff5584
alicexmelo,#ff5584
magalhaesrebecca,#ff5584
karollmm,#ff5584
giuliosa,#ff5584
sheylacanutobf,#ff5584
lumaneto,#ff5584
silvinhamorais,#ff5584
tiagocalisto,#ff5584
rafamelima,#ff5584
luiztiago,#ff8805
fernandocastor,#73c000
guilhermefarias,#ff8805
guiocavalcanti,#df89ff
dakerfp,#df89ff
roselmamendes,#c0c0c0
vanessa,#df89ff
mateusrevoredo,#d3b3b0
felipefarias,#df89ff
rcbop,#73c000
chicofilho,#df89ff
andersonberg,#ff8805
filipe0513,#df89ff
amandasavluchinske,#df89ff
hugobessa,#df89ff
antoniocorreia,#df89ff
victoracioli,#df89ff
diegobarcelar,#df89ff
warkentien2,#df89ff
isabarros,#df89ff
felipesotero,#df89ff
rmd2,#df89ff
marcelolima,#df89ff
adailsonfilho,#df89ff
joaoluizdhv,#73c000
deyvisonrocha,#ff8805
sergiohampel,#ff8805
lucascmelo,#ff8805
paulinhoerry,#ff8805
viniciusgalvao,#ff8805
marcoshmendes,#ff8805
ivanAndrade,#ff8805
dmente03,#df89ff
fraposo,#ff8805
italoj,#ff8805
ac-pm,#d3b3b0
andremelo87,#4c463e
jhdavino,#d3b3b0
horaciojcfilho,#73c000
victorlaerte,#00c4ff
leopoldomt,#73c000
omailson,#df89ff
foolOnTheHill,#73c000
atriciasabino,#73c000
caionovaes,#73c000
gabrieldluca,#73c000
luishmelo,#73c000
felipealencar,#73c000
macm3,#73c000
Leviterus,#00bd94
rafaelfvcs,#73c000
heitorpaceli,#00c4ff
aacgn,#73c000
rodrigodma,#73c000
gilesv,#73c000
eduardosm7,#73c000
itamarsilva,#73c000
penelopearaujo,#00bd94
claudiopacheco,#73c000
thomascristanis,#73c000
adsonxzx,#73c000
joaoMonte,#73c000
arthurmagno,#73c000
douglasventura,#73c000
interaminense,#00c4ff
gvc,#df89ff
tomersimis,#73c000
hnka,#ff5584
sfilhu,#d3b3b0
lucasbiagini,#00bd94
FernandaLandim,#00c4ff
cConectando,#c0c0c0
clovisdasilvaneto,#00c4ff
gallindo,#00c4ff
jordanamorais,#00c4ff
rafaprax,#00c4ff
alinedoleron,#00c4ff
jeftarmascarenhas,#00c4ff
adelmojnr,#00c4ff
lucianojsjr,#ff8805
manoelcyreno,#00c4ff
dashdanilo,#00c4ff
xewertonfilipe,#00c4ff
klaytondeoliveira,#00c4ff
VictorManoel,#00c4ff
zimmerle,#df89ff
tiagollalmeida,#df89ff
jeandersonbc,#73c000
adrielcafe,#c0c0c0
casevictor,#c0c0c0
AJS99,#c0c0c0
BenjamimRodrigo,#c0c0c0
alsmoreira,#ff8805
rasoliveira,#c0c0c0
victorfsf,#df89ff
ericbbraga,#4c463e
pernambucano,#d3b3b0
arineto,#df89ff
tuliocpbs,#df89ff
filipehsilva,#df89ff
paulorec,#00c4ff
inacionery,#00c4ff
eudesll,#00c4ff
tobiasparaiso,#00c4ff
jonathanslima,#c0c0c0
matheusFTC,#c0c0c0
andersongns,#c0c0c0
patomarques,#4c463e
ericklucena,#c0c0c0
yeltsinseal,#c0c0c0
DyogoViana,#c0c0c0
oliveriojnn,#c0c0c0
saulobr88,#c0c0c0
gcaraciolo,#4c463e
yeltsin,#ff8805
viniciuspolux,#ff8805
joaopaulosama,#ff8805
agcloud,#ff8805
brunofarache,#00c4ff
marcellustavares,#00c4ff
HaysaRodrigues,#00c4ff
sgosantos,#00c4ff
igoriols,#00c4ff
ledebour,#00c4ff
josealbino,#00c4ff
valterh4ck3r,#ff8805
ArthurLCastro,#ff8805
ThomasSousa96,#ff8805
andersonpe,#ff8805
felypenery,#ff8805
jcrbsa,#ff5584
wagnerbit,#ff8805
andredidier,#ff8805
wsena,#ff8805
lailsonbm,#df89ff
lmarinho,#df89ff
hamorim,#4c463e
rsilvabr,#df89ff
tacionery,#df89ff
luizpaulogodoy,#4c463e
fernandopereira,#df89ff
willfelix,#ff5584
GeneseLessa,#df89ff
fracmt,#df89ff
Jemesson,#ff5584
lmmenge,#df89ff
brunobasto,#00c4ff
arthurms,#c0c0c0
fltiago,#df89ff
soikmd2,#ff8805
danilosoares,#df89ff
matheusmmx,#df89ff
adozrocha,#df89ff
rodolfoestevam,#00bd94
hpbl,#73c000
felipebagetti,#73c000
AleffHenrique,#73c000
julianalucena,#df89ff
brunovpl,#00c4ff
johanngomes,#c0c0c0
roselmamendestw,#c0c0c0
roMendes,#c0c0c0
flaubert165,#00c4ff
allanragec,#00c4ff
eduardocruz,#df89ff
evandroabreu,#df89ff
diegocarloslima,#df89ff
AbrantesMar,#00bd94
itsmealves,#c0c0c0
IFormiga,#4c463e
MauricioLimaJR,#c0c0c0
renatohlf,#73c000
BernardoHazin,#00c4ff
feliciosan,#c0c0c0
lrsilva,#c0c0c0
tuliohmendes,#4c463e
dayvsonlima,#4c463e
FranciscoMarinho,#4c463e
fecalemos,#4c463e
tpmarcs,#4c463e
manunejaim,#4c463e
Drez3a,#4c463e
guilhermebm,#df89ff
kassioribeiro,#df89ff
henriquemc,#00c4ff
gtgsantos,#00c4ff
arcelo,#00c4ff
gugaemc,#00c4ff
pauloborba,#73c000
PedroRossi,#73c000
thaisabr,#73c000
Gabisampaio,#73c000
lbrito1,#df89ff
raquelguimaraes,#c0c0c0
raony,#c0c0c0
Bonifacio2,#c0c0c0
cassiolpaixao90,#00bd94
douglaslira,#00bd94
fehaa,#00bd94
acmh,#00bd94
ovictoraurelio,#00bd94
ThiagoAugustoSM,#00bd94
Valgueiro,#00bd94
jgfn1,#00bd94
almdac,#00bd94
jctvEC,#00bd94
aht360,#00bd94
diogoan,#df89ff
jpedrocm,#73c000
lapl,#73c000
pedrovsra,#73c000
vinicius3w,#73c000
rbm4,#73c000
wison27,#00bd94
jbsn94,#73c000
Augusto94,#73c000
pedrojsn96,#73c000
thomastbb,#73c000
ThiagoAquino,#73c000
thypad,#df89ff
andresmachado,#df89ff
yelken,#ff8805
julihermes,#ff8805
douglasrangel,#ff8805
renatoalvesdev,#ff8805
ntocampos,#00bd94
tvarjao,#df89ff
felipechaulet,#df89ff
brunolimawd,#4c463e
FranckAJ,#4c463e
brunodutra,#4c463e
tiagoalsilva,#4c463e
felipemarques8,#ff8805
lhaisrs,#ff5584
Vitor0liveira,#00bd94
mauLeal,#00bd94
MaryCaroline,#00bd94
akshaykarle,#c0c0c0
luizlago,#4c463e
phbraga,#c0c0c0
carlosvictor,#d3b3b0
rubens73,#4c463e
bernardoreis,#ff5584
sjcostaneto,#ff5584
frankjuniorr,#4c463e
alexandreclayton,#00c4ff
tamiresa,#4c463e
eduardolsneto2,#df89ff
alnp,#df89ff
draraujoo,#ff8805
joseronierison,#4c463e
hugolhmartins,#4c463e
fchicout,#d3b3b0
sudorafa,#d3b3b0
ThomazFB,#d3b3b0
marlosin,#d3b3b0
deyvisonbm,#d3b3b0
abelb0rges,#4c463e
ArthurLapprand,#73c000
RodrigoCastiel,#c0c0c0
bebetocf,#c0c0c0
phrps,#c0c0c0
jonatascp,#ff5584
pnasc,#00bd94
favasconcelos,#4c463e
lpmourato,#4c463e
lmyboy,#00bd94
aricardoreis,#df89ff
rafaelllins,#df89ff
pedroboudoux,#ff8805
marcosisocram,#ff8805
wagnerbeethoven,#ff8805
rpragana,#00c4ff
figueredo,#c0c0c0
fdsadat,#df89ff
djalmaafilho,#ff5584
phsg,#ff5584
sflorencio,#ff5584
williambeto,#d3b3b0
luanoliveira1992,#d3b3b0
neryluc,#d3b3b0
rafaelgsm,#4c463e
lvrma,#00bd94
dgmneto,#73c000
cauannelinhares,#c0c0c0
paulapithon,#c0c0c0
albjoaov,#c0c0c0
matheusmariano,#ff5584
pablostellet,#ff5584
edunjr,#ff5584
ignispider,#ff5584
leuthier,#c0c0c0
danielcandidos,#c0c0c0
MatheusUehara,#c0c0c0
paulofloliveira,#ff5584
caiobsouza,#ff5584
jonathasbsouza,#ff5584
tomazhawkjr,#ff5584
palaciowagner,#ff5584
t0rr3sp3dr0,#00bd94
adecarli,#00bd94
lucasbarross,#00bd94
gan640,#00bd94
gpb,#c0c0c0
aldeniolima,#c0c0c0
felipeisidorio,#c0c0c0
guuhh,#4c463e
viniciusmantero,#c0c0c0
antoniosj,#00bd94
eduardo-melo,#00bd94
thiagoolsilva,#4c463e
wallacethierre,#4c463e
andersonresende,#df89ff
eduardobaia,#00bd94
keywilliams,#00bd94
felipedealbuquerque,#4c463e
rodrigoperazzo,#4c463e
celsonrd,#4c463e
rvlb-19,#c0c0c0
mateusnbm,#c0c0c0
mattvie,#c0c0c0
herbertt,#73c000
lubarinobr,#00c4ff
brandizzi,#00c4ff
alvarocavalcanti,#c0c0c0
AlexandreDiegoS,#00c4ff
cleydyr,#00c4ff
filipeluiz,#4c463e
setanta,#c0c0c0
diogocaetano,#df89ff
tancredosouza,#c0c0c0
igormp,#c0c0c0
AugustoQueiroz,#c0c0c0
prximenes,#c0c0c0
PunishedBois,#c0c0c0
luhanlacerda,#00bd94
claudvanbarret,#00bd94
felipehmsilveira,#00bd94
felipedemacedo,#df89ff
amavlopes,#c0c0c0
rcaval,#c0c0c0
thiagoprazeres,#c0c0c0
brunapvasconcelos,#c0c0c0
zecafeitosa,#00c4ff
Juniorlimaivd,#c0c0c0
lpmfilho,#ff5584
mabj,#c0c0c0
esdrascosta,#d3b3b0
diegocamara,#d3b3b0
eron93br,#ff8805
gustavomeloGH,#c0c0c0
gabrielteodosio,#c0c0c0
flpn,#c0c0c0
andreldm,#c0c0c0
mulatinho,#c0c0c0
paulobsa,#c0c0c0
moisespalma,#c0c0c0
staylward,#00c4ff
AvelinoGomez,#c0c0c0
alocjr,#c0c0c0
JamessonCheron,#c0c0c0
ClaytonRocha,#c0c0c0
leonardopaiva,#d3b3b0
brunosan7os,#df89ff
aeciojr,#c0c0c0
rsarai,#df89ff
assj,#00c4ff
SilvaDecio,#73c000
sccrn,#ff5584
eduardascharnhorst,#ff5584
rafoli,#00c4ff
izaiasavila,#d3b3b0
mangelis,#00bd94
andrefilipesz,#00bd94
nivan,#4c463e
joelnetodev,#00c4ff
GutenbergCarlos,#00c4ff
larislav,#00c4ff
rbrazileiro,#4c463e
giovanebribeiro,#4c463e
ramon-v,#00c4ff
leoreinaux,#73c000
khurama,#73c000
brmedeiros,#c0c0c0
victorpluna,#d3b3b0
AlexSoaresDeSiqueira,#d3b3b0
leoamf,#d3b3b0
carloseachaves,#73c000
luizfranca,#c0c0c0
fjmartins,#c0c0c0
debscorreia,#df89ff
MarcusDEFGH,#df89ff
wwcoderecife,#ff8805
andrebuarque,#df89ff
douglas-queiroz,#d3b3b0
caiochagas,#c0c0c0
citiufpe,#df89ff
adilsonchacon,#c0c0c0
wba25,#00c4ff
edigomes,#c0c0c0
Artrogeno,#c0c0c0
caiocaladoo,#00bd94
jalexc,#4c463e
koodaa,#c0c0c0
renatoosousa,#c0c0c0
fms6,#c0c0c0
KewinLima,#c0c0c0
dnloliveira1,#c0c0c0
hfbassani,#c0c0c0
dudurocha,#df89ff
romildojuliano,#00bd94
wagnerpaxs,#c0c0c0
misawsneto,#c0c0c0
dennys-bd,#ff5584
petermademann,#ff5584
jpaulorio,#c0c0c0
gillianomenezes,#ff8805
Masterfoni,#ff8805
frog789,#ff8805
EduardoAmaral,#ff8805
johnmaykbrito,#ff8805
lhew,#4c463e
brunosouza,#4c463e
jmignac,#4c463e
giovannipcarvalho,#c0c0c0
tmoura10,#00c4ff
pianolab,#d3b3b0
rodrigojulianib,#c0c0c0
elidioxg,#73c000
marcocarnut,#df89ff
llac78,#00c4ff
vmms16,#c0c0c0
carvalhodj,#c0c0c0
UdneyCarvalho,#c0c0c0
belcsantiago,#c0c0c0
diogobrsantos,#ff8805
deyvisonrochaidealizza,#ff8805
lucianowolf,#df89ff
MiniMarvin,#00bd94
MichaelBarney,#00bd94
GabrielVanderlei,#00bd94
iagoneresb,#c0c0c0
diegoferreirati,#c0c0c0
MatheusSouza12,#c0c0c0
lauriavictor7,#00bd94
estevaocm,#c0c0c0
matequeiroz,#c0c0c0
jaimenejaim,#c0c0c0
vinyfalcao,#00bd94
joaozig,#4c463e
guilhermebrandao,#c0c0c0
rennanmoura1990,#c0c0c0
tonnyvx,#c0c0c0
LGR3,#00bd94
ViniFlira,#ff8805
pethersilva,#4c463e
Eviomarcio,#c0c0c0
aeciovc,#c0c0c0
medeirosrod,#4c463e
niltonheck,#c0c0c0
petinformatica,#73c000
gppeixoto,#73c000
vinimoraesrc,#73c000
wfsneto,#ff8805
consensotec,#c0c0c0
sabrinagmcruz,#c0c0c0
ricardowendell,#c0c0c0
tonidas,#73c000
igor-simoes,#73c000
igorsimoes,#73c000
Jeffguitar,#c0c0c0
juniorbrasil,#df89ff
Thyerry,#c0c0c0
MayaraCastro,#c0c0c0
phbritoo,#00c4ff
filipecabraal,#00c4ff
rcag2,#c0c0c0
joelcipriano,#73c000
raafaelima,#00c4ff
MrRickSan,#00c4ff
mayarajuvencio,#c0c0c0
Rafaziz,#c0c0c0
vitordeatorreao,#c0c0c0
diogoffmelo,#c0c0c0
DwarfThief,#c0c0c0
soareswallace,#c0c0c0
engtom,#c0c0c0
feliperfmarques,#c0c0c0
davincif,#c0c0c0
jefferson-lima,#ff5584
mariojor,#ff5584
guilhermejccavalcanti,#73c000
arthurmenezesb,#73c000
eduardoluiz7,#00c4ff
linhaplana,#ff8805
FlavioCastroFilho,#c0c0c0
filipecalegario,#4c463e
Uirado,#c0c0c0
marcelogalvao,#00c4ff
felipemanga,#00c4ff
igorvpcleao,#73c000
saulolso,#ff8805
r4ddek,#c0c0c0
Daanielvb,#c0c0c0
licensed,#c0c0c0
andreneto,#73c000
geraldo7junior,#c0c0c0
andrelarruda,#d3b3b0
Makqsi,#c0c0c0
palmeidaprog,#c0c0c0
danielfsbarreto,#c0c0c0
IsmaelGomes,#d3b3b0
marconemm,#d3b3b0
raphaelmonte,#c0c0c0
leleofg,#c0c0c0
rlom,#c0c0c0
fabiorecife,#c0c0c0
shoesthe6,#c0c0c0
phellipealexandre,#c0c0c0
islanilton,#c0c0c0
walber,#00c4ff
pricardoti,#c0c0c0
davilmaster,#c0c0c0
Renartes,#00bd94
rcaferraz,#df89ff
abhnerAraujo,#00c4ff
ianfireman,#00c4ff
manoelfneto,#c0c0c0
leonardoaraujo85,#c0c0c0
rafarocha,#c0c0c0
alisonamerico,#c0c0c0
jpedroh,#73c000
GabrielGouv,#73c000
FranclinC,#73c000
rafaelroballo,#73c000
KLEITONFREITAS,#c0c0c0
glpibr,#c0c0c0
feliperp-81,#00c4ff
VanessaVieiraVV,#73c000
lsca,#73c000
netoabel,#ff8805
RodrigoRodrigues7,#00bd94
vitorbc,#c0c0c0
mmfsf,#c0c0c0
diogo-lins,#00c4ff
LucasFranciscoCorreia,#c0c0c0
lucasrbk,#c0c0c0
andredm,#df89ff
viniciusmsfraga,#73c000
thiagogalvao,#c0c0c0
caiosm1005,#c0c0c0
jfabiofl,#ff8805
Matheus-Campos,#c0c0c0
jrafaelm,#df89ff
alanav120,#c0c0c0
thiagohenrique0810,#c0c0c0
allansid,#c0c0c0
gustavolopess,#c0c0c0
tavlima,#df89ff
flavindias,#4c463e
saulo2,#d3b3b0
cinguilherme,#df89ff
JPMagalhaes,#4c463e
miguel89,#ff5584
leimig,#73c000
PauloSanches,#d3b3b0
erickapsilva,#d3b3b0
pabloreis,#d3b3b0
jorgemarc,#d3b3b0
brunolrb,#c0c0c0
84PC04,#c0c0c0
julioamorim,#c0c0c0
jonathan-silva,#ff8805
tiagotrigo,#4c463e
alexodrosgomes,#c0c0c0
santojon,#c0c0c0
sabrinandrade,#00c4ff
bernardomelo,#73c000
wtmf,#00c4ff
AdeildoNeto,#ff8805
mfeitosa,#c0c0c0
jonathantsilva,#ff8805
tiagofsilva,#df89ff
walterjardim,#ff5584
guilherme77,#c0c0c0
BAMoreira,#c0c0c0
rafaelmotaalves,#00bd94
rodrigoal,#ff5584
denissonsantos,#ff8805
manoelamorimneto,#00c4ff
guilhermedeandrade,#c0c0c0
romagueralima,#c0c0c0
felipebelucena,#4c463e
Kassio-Ferreira,#4c463e
kevinbreaker,#00c4ff
filipe-torres,#4c463e
jvog,#c0c0c0
wesleygcs,#c0c0c0
klaytoncavalcante,#ff8805
AleffSouza,#73c000
kepa,#ff5584
jessica-rmo,#73c000
jean-rar,#c0c0c0
daniloBlera,#c0c0c0
madytorres,#ff8805
cleniomendes,#df89ff
israeljunior,#c0c0c0
guinetik,#d3b3b0
antonioaurel,#00c4ff
gdanzi,#c0c0c0
lgallindo,#c0c0c0
PedroRafaelDinizMarinho,#c0c0c0
CaioMalaquias,#ff5584
sergio3010,#df89ff
fabiorush,#c0c0c0
ess2,#73c000
wendeldesouza,#c0c0c0
flavioms7,#c0c0c0
ericksantana,#4c463e
Lucas-CardosoO,#00bd94
filipecmedeiros,#c0c0c0
anderssonmelo,#df89ff
vandialves,#c0c0c0
modcs,#c0c0c0
aquelefelipe,#df89ff
italolemos,#c0c0c0
fabiolindemberg,#ff5584
jbjj,#c0c0c0
borgiani,#c0c0c0
davidrft,#c0c0c0
betegelse,#c0c0c0
vbsilva,#c0c0c0
allandoamaral,#ff5584
VictorMouraz,#c0c0c0
FernandoRLCruz,#4c463e
dcaragao,#df89ff
tulliusvinicius,#ff8805
dpm-cin,#73c000
rnns,#df89ff
hfcamilo,#ff8805
victoraldabalde,#c0c0c0
gugacarvalho,#c0c0c0
marcomachado,#c0c0c0
matheusqfs,#c0c0c0
atailton,#c0c0c0
monteiro-luiz,#00bd94
acmd,#73c000
WilbertoFilho,#4c463e
atilarec,#4c463e
diegotsouza83,#00bd94
andalvalmeida,#00bd94
fernandofragoso,#c0c0c0
ricardovasc,#c0c0c0
LucasNevesV,#c0c0c0
UmbertoB,#c0c0c0
igoleo,#df89ff
wlcosta,#ff5584
brunofalc,#c0c0c0
dolalima,#d3b3b0
ebl4,#73c000
rodrigomuribec,#df89ff
hugosteixeira,#c0c0c0
rfccg,#73c000
krixapolinario,#c0c0c0
iatj,#c0c0c0
andreleitao,#4c463e
hugonmelo,#df89ff
luanbrito7,#00bd94
douglascas,#c0c0c0
lericardolima,#c0c0c0
feliperod,#df89ff
guilhermegomes01,#ff8805
petrusaugusto,#c0c0c0
Andre-dam,#c0c0c0
batebit,#00c4ff
rfapo,#4c463e
RobsonPereira13,#c0c0c0
wilberto-blaze,#4c463e
cassianoricardo,#ff5584
raniel90,#d3b3b0
beugenio,#c0c0c0
wsantanapitang,#c0c0c0
joelbarbosamoraes,#c0c0c0
BonnerAthos,#ff8805
ericmilfont,#d3b3b0
hforesti,#4c463e
slunart,#4c463e
rafaelborja,#c0c0c0
jpfreire,#c0c0c0
emesonsantana,#4c463e
joycelima,#df89ff
rsaRodrigoSales,#c0c0c0
jeffrs,#c0c0c0
danielAtOgilvy,#d3b3b0
alejoceballos,#73c000
reueljonathan,#73c000
svaf2,#73c000
axontec,#df89ff
mgrb,#c0c0c0
LucasLJorge,#c0c0c0
ericlrf,#c0c0c0
daniellyqueiroz,#c0c0c0
JNMarcos,#c0c0c0