Id,nFollowers
tarruda,561
joselitojunior1,346
mairatma,334
marcelcaraciolo,332
luanfonceca,297
deividazevedo2,268
gileno,230
simoneas02,206
filipeximenes,163
renatooliveira,161
luiztiago,158
fernandocastor,124
ac-pm,123
henvic,122
clovisdasilvaneto,116
fjsj,115
zimmerle,114
brunocoelho,111
fernandogrd,103
adrielcafe,99
arthuralvim,96
paulorec,86
guilhermefarias,81
ktquez,79
brunofarache,75
alsmoreira,74
talitaoliveira,74
lailsonbm,73
dmesquita,70
lmmenge,65
brunobasto,65
guiocavalcanti,59
pcstl,58
horaciojcfilho,54
roselmamendes,52
dakerfp,52
caiorss,49
interaminense,49
victorlaerte,48
eduardocruz,45
henriquemenezes,42
diegocarloslima,42
jonathanslima,41
andrewesteves,39
thiagodiniz,39
diegonvs,39
gallindo,38
gvc,37
jeandersonbc,37
pauloborba,36
rasoliveira,36
chocoelho,36
douglaslira,36
karlafalcao,35
tomersimis,34
marcellustavares,34
dvro,34
jordanamorais,34
embs,33
deyvisonrocha,33
patrickrbc,33
andresmachado,32
vinicius3w,32
thiagoarrais,32
filipevarjao,32
victorcarrico,31
brunolimawd,31
ovictoraurelio,31
tarcisio-marinho,29
alexpessoajr,29
mauriciomanoel,29
arthurmichel,29
brunnogomes,28
mayrarabelo,28
tuliohmendes,27
akshaykarle,27
irgmedeiros,27
lhaisrs,26
HaysaRodrigues,26
iagobelo,25
yelken,25
ramonsantos,25
pereiragislene,25
dayvsonlima,24
lmarinho,24
vanessa,24
paulolieuthier,24
Suburbanno,23
fchicout,23
mateusrevoredo,23
hamorim,22
RodrigoCastiel,22
FranckAJ,22
jayralencar,22
frankjuniorr,22
leopoldomt,22
arthurms,22
julianalucena,22
meiralins,22
casevictor,21
lipse,21
abelb0rges,21
marcosisocram,21
espellcaste,21
felipefarias,21
omailson,20
djalmaafilho,20
mirjahal,20
ThaisaMirely,20
alexjosesilva,20
peaonunes,20
itsmealves,20
Gustavomagalhaes,20
inacionery,19
rpragana,19
Cisneiros,19
matheusmariano,19
daniellqueiroz,18
caiobsouza,18
WandersonAlves,18
eduardo-melo,18
FranciscoMarinho,18
rafaprax,17
felipedealbuquerque,17
araujoraphael,17
rvlb-19,17
herbertt,17
victorfsf,17
lauromoura,17
brandizzi,16
pedroqueiroz,16
foolOnTheHill,16
cleydyr,16
setanta,16
AbrantesMar,16
TigerRobocop,16
joseronierison,16
guilhermepaiva,16
alvarocavalcanti,15
rcaval,15
leuthier,15
andersonresende,15
hpbl,15
thiago-farias,15
eudesll,15
raquelguimaraes,15
oliveriojnn,15
igormp,15
nielsonsantana,15
rodolfoestevam,15
gcaraciolo,14
jeftarmascarenhas,14
julihermes,14
rsilvabr,14
alinedoleron,14
lpmfilho,14
atriciasabino,14
anantpaatra,14
t0rr3sp3dr0,14
matheusFTC,13
mabj,13
sgosantos,13
esdrascosta,13
brunovpl,13
alocjr,13
leonardooo,13
sergiohampel,13
mulatinho,12
brunosan7os,12
caionovaes,12
hnka,12
fltiago,12
lucascmelo,12
acmh,12
rafoli,12
geocarvalho,12
nivan,12
ThomazFB,12
rbrazileiro,12
ramon-v,12
ericbbraga,11
andersongns,11
dapine,11
thiagoolsilva,12
rcbop,11
rsarai,11
eron93br,11
Juniorlimaivd,11
andreldm,11
paulomenezes,11
debscorreia,11
juliosmelo,11
antoniosj,11
RobsonCN2015,11
lubarinobr,11
filipewl,11
leoreinaux,10
thiagoprazeres,10
misawsneto,10
douglas-queiroz,10
raony,10
AlexSoaresDeSiqueira,10
pernambucano,10
meirinaldojunior,10
adilsonchacon,10
citiufpe,10
andremelo87,10
caiocaladoo,10
Artrogeno,10
luizlago,10
favasconcelos,10
DanBrV,10
flpn,10
gabrielteodosio,10
grodrigues,10
leonardopaiva,10
MarcusDEFGH,10
dnloliveira1,10
dudurocha,10
hfbassani,10
isabarros,10
wylliams,10
gpb,10
wwcoderecife,10
adelmojnr,10
yeltsin,9
guilhermebm,9
thiago-cavalcanti,9
cauannelinhares,9
ezequias,9
dennys-bd,9
tacionery,9
diego1araujo,9
phbraga,9
aperrelli,9
chicofilho,9
jpaulorio,9
sjcostaneto,9
paulinhoerry,9
johanngomes,9
bebetocf,9
gillianomenezes,9
gabrieldluca,9
tcostam,9
luishmelo,9
cassiolpaixao90,9
lvrma,9
lhew,9
luizfranca,9
williambeto,9
pianolab,8
albertmourato,8
KewinLima,8
igoriols,8
wellington16,8
filipeluiz,8
JohnsonMauro,8
luizpaulogodoy,8
marcocarnut,8
Masterfoni,8
lbrito1,8
MauricioLimaJR,8
matheuslins,8
Allansantosdefreitas,8
ronaldoveras,8
ThiagoAugustoSM,8
fernandopereira,8
thiagotargino,8
allanragec,8
carvalhodj,8
lucianowolf,8
patomarques,8
filipe0513,7
tmoura10,7
felipealencar,7
giovannipcarvalho,7
tobiasparaiso,7
luanoliveira1992,7
fjmartins,7
Vitor0liveira,7
joelnetodev,7
estevaocm,7
arineto,7
tvarjao,7
elidioxg,7
fecalemos,7
fehaa,7
brunapvasconcelos,7
viniciusgalvao,7
joaozig,7
ianlucas,7
PedroRossi,7
medeirosrod,7
Bonifacio2,7
rennanmoura1990,7
andersonberg,7
rbm4,7
jamessonfaria,7
brunosouza,7
aeciovc,7
pethersilva,7
niltonheck,7
diogobrsantos,7
dgmneto,7
macm3,7
consensotec,7
wfsneto,7
ricardowendell,7
gppeixoto,7
victoraldabalde,6
MiniMarvin,6
tonidas,6
amandasavluchinske,6
thiagofranca,6
klebercode,6
hugobessa,6
marcoshmendes,6
MayaraCastro,6
renvicente,6
filipecabraal,6
sfilhu,6
eltonrufino,6
kevinbreaker,6
jaimenejaim,6
tancredosouza,6
joelcipriano,6
marcelolima,6
digounet,6
valterh4ck3r,6
antoniocorreia,6
jmignac,6
marlosin,6
tpmarcs,6
ivanAndrade,6
felipebonezi,6
Leviterus,6
Rafaziz,6
fernandofragoso,6
camilacnery,6
renatohlf,6
spider8,6
jamissonfreitas,6
erickjung,6
lpmourato,6
felipesotero,6
wagnerpaxs,6
diogoffmelo,6
guilhermebrandao,6
davincif,6
rmd2,6
jefferson-lima,6
carlosvictor,6
mariojor,5
lapl,5
Asaffe,5
diogo10,5
megazord,5
danielcandidos,5
saulobr88,5
wba25,5
filipecalegario,5
figueredo,5
ArthurLCastro,5
linhaplana,5
marcelogalvao,5
Uirado,5
lucianojsjr,5
iagoneresb,5
israeljunior,5
felipemanga,5
GabrielAlbq,5
igorvpcleao,5
feliperfranca,5
eduardobaia,5
neryluc,5
saulolso,5
Rom7,5
pablostellet,5
Daanielvb,5
jorgemarc,5
rodrigojulianib,5
FredMaranhao,5
netoabel,5
rafaelfvcs,5
vmms16,5
geraldo7junior,5
roselmamendestw,5
vitordeatorreao,5
danielfsbarreto,5
jgfn1,5
victoracioli,5
soikmd2,5
sudorafa,5
Valgueiro,5
leleofg,5
fms6,5
IsmaelGomes,5
ledebour,5
romildojuliano,5
jbsn94,5
frog789,5
fabiorecife,5
willfelix,5
raphaelmonte,5
mangueBit,5
victorpluna,5
pricardoti,5
davidhsv,5
10c8,5
lucasbiagini,5
LGR3,5
gustavomeloGH,5
rcaferraz,5
MatheusUehara,5
wallacethierre,5
ntocampos,5
rodrigoperazzo,5
paulapithon,5
ianfireman,5
soareswallace,5
MatheusSouza12,5
rafarocha,5
jpedrocm,5
alexandreclayton,5
marcoscampelo,4
flaubert165,4
guilhermejccavalcanti,4
igor-simoes,4
heitorpaceli,4
viniciuspolux,4
raafaelima,4
engtom,4
FranclinC,4
adjs,4
ThomasSousa96,4
rafaelroballo,4
deyvisonbm,4
FelipeTrote,4
tonnyvx,4
yeltsinlima,4
glpibr,4
feliperp-81,4
especializa-user,4
adailsonfilho,4
r4ddek,4
mauLeal,4
zecafeitosa,4
pedroboudoux,4
CaioMoraes,4
fmm,4
Thyerry,4
paulobsa,4
luhanlacerda,4
lsca,4
andreneto,4
mmfsf,4
mangelis,4
palmeidaprog,4
diogo-lins,4
witerbino,4
marlonchalegre,4
vinyfalcao,4
lucasrbk,4
andredm,4
andersonpe,4
nathan-lima,4
rodrigosiqueiradev,4
manoelcyreno,4
angelobrito,4
viniciusmsfraga,4
caiosm1005,4
GeneseLessa,4
brunodutra,4
llac78,4
thypad,4
thaisabr,4
AugustoQueiroz,4
diegobarcelar,4
Matheus-Campos,4
felypenery,4
thiagohenrique0810,4
eduardolsneto2,4
jrafaelm,4
gustavolopess,4
gilesv,4
tavlima,4
MatheusMoura17,4
giuliosa,4
saulo2,4
phrps,4
MichaelBarney,4
miguel89,4
leimig,4
cinguilherme,4
mrrandrade,4
PauloSanches,4
dmente03,4
hugoesb,4
abhnerAraujo,4
franchenstein,4
jcrbsa,4
pabloreis,3
izaiasavila,3
renatofilho,3
aacgn,3
danilosoares,3
SamuelRocha2015,3
erickapsilva,3
bcgs,3
alisonamerico,3
brunolrb,3
vitorbc,3
joaoferreirape,3
adecarli,3
silvajonathan,3
fareias,3
johnmaykbrito,3
almdac,3
julioamorim,3
Jnailson,3
tiagotrigo,3
alexodrosgomes,3
sabrinandrade,3
levisaturnino,3
wagnerbeethoven,3
nvsfs,3
manunejaim,3
wtmf,3
lgallindo,3
felipemobile,3
leommsilva,3
feliciosan,3
jamilsonbatista,3
jhdavino,3
mfeitosa,3
afelipefernandes,3
josealbino,3
ArthurLapprand,3
mateusnbm,3
walterjardim,3
ericklucena,3
rlom,3
tiagofsilva,3
wagnerbit,3
SilvaDecio,3
fraposo,3
jonathantsilva,3
giovanebribeiro,3
prximenes,3
matequeiroz,3
lacerdamarcelo,3
assj,3
davidrft,3
mayarajuvencio,3
AlaurentinoOfficial,3
eduardosm7,3
rodrigoal,3
EdmilsonSantana,3
albinojunior,3
tuliocpbs,3
eliabejr,3
alicexmelo,3
denissonsantos,3
rhuandantas,3
manoelamorimneto,3
danilocostak5,3
AlexandreDiegoS,3
BernardoHazin,3
jfabiofl,3
romagueralima,3
tiagohas,3
felipebelucena,3
Kassio-Ferreira,3
kepa,3
wesleygcs,3
karollmm,3
koodaa,4
moisespalma,3
dcaragao,3
pedrovsra,3
AleffSouza,3
marcelopita,3
filipe-torres,3
joaopaulosama,3
agcloud,3
UdneyCarvalho,3
marconemm,4
paulofloliveira,3
edigomes,3
santojon,3
ruamberg,3
rafaelgsm,3
udfds,3
jean-rar,3
daniloBlera,3
jessica-rmo,3
madytorres,3
danielmedeiros52,3
andreximenes,3
brunoassisp,3
tomazhawkjr,3
EduardoLisb,3
andrebuarque,3
rcbpeixoto,3
giuliocc,3
mcquiggd,3
evertonpessoa,3
guinetik,3
rafaelllins,3
Edgleyson,3
jeronimonascimento,3
netuh,3
antonioaurel,3
leticiamachado,3
pedrodiamel,3
MrRickSan,3
gdanzi,2
CaioMalaquias,2
sergio3010,2
fabiorush,2
diegocamara,2
rafaelwms,2
orlandoaceto,2
PedroRafaelDinizMarinho,2
zearthur99,2
hgees,2
Augusto94,2
GutenbergCarlos,2
ahyalla,2
ericksantana,2
flavioms7,2
raphalencar,2
larislav,2
amandavelino,2
guilherme-rdnascimento,2
philorocha,2
PedroHPVieira,2
HuanChristopher,2
janiosarmento,2
LucasFranciscoCorreia,2
viniciosarodrigues,2
filipecmedeiros,2
klaytoncavalcante,2
PunishedBois,2
modcs,2
atilarec,2
bernardomelo,2
aquelefelipe,2
jctvEC,2
chgsilva,2
GabrielGouv,2
alessandrofls,2
anderssonmelo,2
italolemos,2
yalves8,2
DataPE,2
felipeisidorio,2
WilliamRoger,2
AvelinoGomez,2
AdeildoNeto,2
pabhen,2
marchesin,2
raissaguimaraes,2
borgiani,2
GPrimow,2
warkentien2,2
fhenriquecm,2
marcosguedes01,2
AleffHenrique,2
felipebagetti,2
jbjj,2
jpedroh,2
joaosantana,2
fabiolindemberg,2
ricardo7cordas,2
dellanio,2
ronneyluan,2
xfernando,2
Eviomarcio,2
andredidier,2
manoelfneto,2
BAMoreira,2
diasflp,2
wbgalvao,2
pnasc,2
dayvisons,2
esdrascavalcs,2
MORDC,2
WillyNelson,2
hsaboya,2
gampeixoto,2
daaysesouza,2
roMendes,2
marlom-jobsom,2
betegelse,2
dashdanilo,2
jonathasbsouza,2
rafaelmotaalves,2
vbsilva,2
pedrocab,2
allandoamaral,2
alanav120,2
wendeldesouza,2
rodrigodma,2
andrefilipesz,2
VictorMouraz,2
luizhsbrito,2
guuhh,2
dieggop,2
FilipelIOn,2
rodrigolinsr,2
henriquemc,2
diegoMSilva,2
felipemarques8,2
omarpta,2
alinnepriscila,2
petermademann,2
draraujoo,2
tulliusvinicius,2
daniellyqueiroz,2
japakr,2
diogocaetano,2
alnp,2
galegostigma,2
ajgan,2
yeltsinseal,2
jonatascp,2
vinimoraesrc,2
jvog,2
SirLVF,2
brfael,2
leoomelo,2
euclidesgc,2
EwertonQueiroz,2
itsCleyton,2
WesleyJw,2
pedrojsn96,2
lucianasilva,2
walber,2
matheusmmx,2
willaraul,2
dpm-cin,2
rnns,2
caiochagas,2
robertoalencar,2
acaxon,2
hfcamilo,2
albjoaov,2
gugacarvalho,2
andersongimino,2
VanessaVieiraVV,2
marcomachado,2
atailton,2
monteiro-luiz,2
EduardoAmaral,2
xewertonfilipe,2
joaoluizdhv,2
Edy8123,2
felipedemacedo,2
WilbertoFilho,2
Gabisampaio,2
feliperfmarques,2
belcsantiago,2
MaryCaroline,2
claudvanbarret,2
elloserafim,2
paguso,2
absilva,1
itamarsilva,1
ess2,1
josenetome,1
zLimaa,1
altemberg,1
denisreis,1
LABCEUS,1
lfcdsg88,1
flaviohmaia,1
lflucasferreira,1
brunohoppe,1
diegotsouza83,1
apfmiranda,1
almagnosolucoes,1
gan640,1
andalvalmeida,1
renatalourena,1
igoleo,1
mateus-nascimento,1
ricardovasc,1
klaytondeoliveira,1
matheusqfs,1
wlcosta,1
eratsu,1
krixapolinario,1
ioram7,1
sofiagalvao,1
charles-alves,1
vitorcruz8621,1
andreporto,1
NthlLima,1
ricardorobson,1
RodrigoRodrigues7,1
AdoniasBarros,1
brunobpb,1
diogoan,1
hrmd,1
peedrogabriel,1
julianophp,1
MartinsMateus,1
cleytonfar,1
FlavioCastroFilho,1
uillaneduardo,1
WallaceRocha,1
brunofalc,1
lrsilva,1
arthur-rizzo,1
Tiagoemerenciano,1
keywilliams,1
pcosv,1
walfredosa,1
rcursino,1
tiagonog,1
JamessonCheron,1
wsena,1
ricardoebbers,1
hmilena,1
tuliocrr,1
igorhlucenaa,1
joaopaulogf,1
adozrocha,1
caioamorim031,1
TCezarRod,1
marcoscardoso,1
brunoeee,1
ebl4,1
reforcomestrado2015,1
evandroabreu,1
hugosteixeira,1
angelamcosta,1
rodrigomuribec,1
iurylira,1
cassiorsfreitas,1
KauanRodrigues,1
dolalima,1
mattvie,1
andreguigo,1
HerlonNascimento,1
Fabio-Lins,1
GabrielaMattias,1
empacto,1
sunr00t,1
iatj,1
andreleitao,1
victor-cortez,1
valongueiro,1
shoesthe6,1
DoodleWeb,1
dofobatista,1
rodrigoadamski,1
cirg-upe,1
AdrianoDayvson,1
FernandoRLCruz,1
islanilton,1
rfccg,1
hugonmelo,1
sccrn,1
lericardolima,1
LDGNeto,1
haroldogondim,1
feliperod,1
fdsadat,1
brenodvs,1
igorsimoes,1
sjcleao,1
dmfilho,1
cleniomendes,1
BrunoBA,1
douglasbrandao00,1
sandrocavalcanti,1
PauloAlves3486,1
AlefRGamer,1
leolsrd,1
wizdow,1
erikcordeiro,1
zchronoz,1
carlosliracl,1
FernandaLandim,1
taurustech,1
petrusaugusto,1
anakcampelo,1
marcelotheodoro,1
grfneto,1
aht360,1
staylward,1
eduardoluiz7,1
madsonmuller,1
hcaula,1
claudiopacheco,1
KLEITONFREITAS,1
jimens,1
rfccn,1
jalexc,1
brazsandro,1
SoulFlybr,1
gtgsantos,1
filipeaguiar,1
vandialves,1
netoffdf,1
pedrohub,1
eduardascharnhorst,1
flavindias,1
carlosmax,1
GabrielSDG,1
batebit,1
mcdsb,1
cafmf,1
marcuscarneiro,1
diegomarinho,1
deisesouza,1
wilberto-blaze,1
juniorbrasil,1
tamiresa,1
lucasbarross,1
RenatoRJF,1
RobsonPereira13,1
joaovictortinoco,1
gabrielteotonio,1
thiagogalvao,1
carloseachaves,1
rfapo,1
douglascas,1
daidson,1
guilhermedeandrade,1
EBDAF1,1
Andre-dam,1
ricardomelogt,1
LucasSafeno,1
marcelomagf,1
cassianoricardo,1
fellipetenorio,1
diogofmcunha,1
wsantanapitang,1
vescnet,1
Redley,1
rubens73,1
joelbarbosamoraes,1
GustavoCavalcante,1
petinformatica,1
ThiagoPco,1
IgorGomess,1
raniel90,1
arer76,1
arcelo,1
RicardoCasteloBranco,1
leofmoura,1
DavidCabral,1
Renartes,1
jaasieljunior,1
acmd,1
MasterRick,1
andersonbispo,1
marcuscarvalho6,1
romerotg,1
EricJoosse,1
andersontenorio,1
carlossilvamelo,1
allansid,1
fjuriolli,1
BonnerAthos,1
guiban,1
ericmilfont,1
hforesti,1
slunart,1
joyceogilvy,1
IlgssonBraga,1
DagobertoJr,1
progerbr,1
tiagomuniz1,1
lmyboy,1
brayner1,1
pdraguiar,1
tag-i,1
madsondeluna,1
jpfreire,1
mateus-buarque6,1
riltonjunior,1
WeltonLSantos,1
gilchristiano,1
emesonsantana,1
italoj,1
alande-amorim,1
yurigu,1
andrergomes,1
marconirds,1
aeciojr,1
licensed,1
viniciusmantero,1
beugenio,1
rcananea,1
reueljonathan,1
carlosolimpio,1
joycelima,1
jeffrs,1
danielAtOgilvy,1
alejoceballos,1
macae,1
cConectando,1
IkaroAlef,1
hugolhmartins,1
renatoalvesdev,1
jjs22,1
victorsaad00,1
jrmmendes,1
Jemesson,1
tassianoalencar,1
brunosmmm,1
tecnologiane10,1
vald3mir,1
almsantos,1
ericlrf,1
mgrb,1
flauber165,1
bredynilsen,1
leandrowferreira,1
svaf2,1
JNMarcos,1
axontec,1
rmmaf,1
brunover,1
Drez3a,1
84PC04,1
rsilveirafh,0
AJS99,0
pedrovds,0
BrielMachado,0
felipechaulet,0
fcsacin,0
widevis,0
pugpe,0
maiardm,0
bvlucena,0
phslfo,0
sbarza,0
netomagalhaes,0
rhokrecife,0
wagnerleite,0
thzlima,0
rogeraraujo90,0
leogalego,0
agenciabynnes,0
tandonwalia,0
edulify,0
Ruh1997,0
EduardoSouzaRocha,0
MungangaCriativa,0
joaovictorgodoy,0
MarynaDiogenes,0
alqlima,0
rodrigoaccountaccenture,0
JH-Pacheco,0
almagno,0
taghunt,0
dojodocirculo,0
mauriciocarvalho,0
brnmilk,0
ricaomoura,0
lukscmd,0
carlaosap,0
wfraga,0
DanDas3,0
Rdgdemelo,0
thomascristanis,0
vrolim,0
esdraslc,0
inloco,0
viisar,0
spgroup,0
vintasoftware,0
KennedyRichard,0
lucianacampello,0
LukPOD1,0
felipealima,0
davicruzaguiar,0
if1001,0
ajog,0
maratonando,0
rodrigoosant,0
DjalmaFilho-UFPE,0
gabiaf,0
sabrinagmcruz,0
fdinizt,0
edudh,0
NegreirosBros,0
vsguedes,0
flavioabarbosa,0
Neostromo,0
adsonxzx,0
eliabejnr,0
gustavoAlves97,0
rafaelaamaral,0
DevProjBR,0
safaristudio,0
pedroeducandus,0
feliperodolfo,0
valmirgomes,0
Viniciusmlira,0
ReCINhub,0
ClaytonRocha,0
Allysonx,0
assertlab,0
heldermccartney,0
thiagolins,0
ismaeljr,0
PauloFBCavalcanti,0
brenocesar83,0
renatoadmrede,0
djfsoares,0
filipe-marques-souza,0
stapemusic-dev,0
magalhaes-christiano,0
srmq,0
pitangagile,0
lucascambuim,0
ThiagoAquino,0
nilesdsjr,0
leandrorss,0
NascimentoSilva,0
manuttis,0
edunjr,0
UmbertoB,0
filipehsilva,0
robsonribeiros,0
araujokenedy,0
LucianoMauro,0
ThiagoJota,0
felipeaqueiroz,0
allsilva,0
ignispider,0
svelhof,0
fernandalandimOgilvy,0
LucasMattoso,0
LouisianaQuinino,0
DkMasTer60,0
avilasolucoes,0
yullegustavo,0
sandromendes,0
alesson-delmiro,0
danielcaruaru,0
marciorecife,0
Strauch87,0
refreshg0d,0
adson1990,0
rgm2cin,0
JoasLemos,0
HMCLDevs,0
manutis,0
vanessamaartins,0
ProjetoPoo2,0
rwilker,0
lerao,0
VictorManoel,0
BFalconieri,0
NetherDrk,0
stapemusic,0
bioinfognmk,0
thiagolvlsantos,0
jcsn2,0
Mangue-Tecnologia,0
arthurmenezesb,0
GrupoTangram,0
Jonatasgonzaga,0
camilaodsouza,0
rayanagoncalves,0
tvmsouza,0
davicosta99,0
gustavor-souza,0
nti-ufpe,0
edulify2,0
DaviBarros,0
thalesrodrigo,0
rpss2,0
4qu3l3c4r4,0
rafaelbeco,0
HenryLimaBR,0
deymoraes,0
valdenia,0
rodrigoogilvy,0
felipeeelyra,0
allanjsouza,0
CaioNeves,0
JuPerazzo,0
henriquedouglas22,0
apsinformatica,0
MarianaVCCosta,0
kms3,0
pzoliveira,0
tiagohms,0
subtitle-master,0
upmedsistemas,0
celismac,0
TrilhaZero,0
pedro-machado-manhaes-de-castro,0
LeonardoLeite,0
CeLsOlOpEs,0
ytpessoa,0
zaiin,0
UranusII,0
talita-albu,0
H3yF3n1x,0
Obthurel,0
broguest,0
rafaelpimentel,0
beneditomacedo,0
LucasGStark,0
juliofsneto,0
augustoguima,0
pvictorcaval,0
revistazena,0
tangerinalab,0
fdavidcunha,0
kunkanon,0
jrobertojunior,0
Jm-Correia,0
brmedeiros,0
AlexMedeirosDev,0
tantodom,1
phenrique0206,0
sfribeiro,0
blendaguedes,0
rarrafael,0
fritzenxd,0
felipehmsilveira,0
concrete-aecio-barreto-junior,0
guilherme77,0
gilmarvitor,0
JacopoPi,0
herlisson,0
literalsoftware,0
enobrega,0
sky-on,0
alexsandrogc,0
montenegrorabello,0
atpessoa,0
elviscastro,0
plubit,0
cesarfranca,0
edipoalex,0
yurialb,0
Sauroo,0
robsonescobar,0
ProjetosIFPE,0
danylocampos,0
tiagollalmeida,0
marceloberenguer,0
hilariopiocomercial,0
CarlosCBF,0
ecdj,0
Tekabout,0
pjishimaru,0
GleibsonCarlos,0
Agilhub,0
LucsFreitas,0
sites-em-recife,0
ehureka,0
LookMobile,0
camillotargas,0
anderson-rafael,0
niesio,0
caioximenes,0
carlosbrandao,0
petrusz1,0
victorpio,0
rrxs,0
anajuriti,0
ghmarinho,0
rafaelnascimento96,0
CESARBR,0
Flavio13Lins,0
riquesena,0
NivSoft,0
XARXTeam,0
felipejm,0
ErlyAquino,0
jean-rnascimento,0
lostico,0
RodrigoN4,0
augustovs,0
scadete,0
pocshop,0
mgrtecnologia,0
sidneyn,0
AndreRBrandt,0
joaoaab,0
DeboraGouveia,0
edencoelho,0
marianeaguiar,0
jsmochin,0
pedro2049,0
AnaMontenegro,0
frevo-on-rails,0
colabore,0
celsonrd,0
unibratec-dwa,0
kafram,0
marcotuliozahn,0
Tinfor,0
projetoclaria,0
brunoxaves,0
pettll,0
hugolz,0
ronaldoomjr,0
ajudae,0
rodrigoprazim,0
silvinhamorais,0
msfilho,0
abbf,0
globalmedia,0
leandrocaf,0
paulo-dev88,0
jualabs,0
RenataRodrigues,0
samuelvalentim,0
celsomoreirape,0
ajoathan,0
labcodes,0
neurotechpe,0
hlb8,0
3ysoftwarehouse,0
grpires,0
dvdiegoviana,0
bureauworks,0
Cmagnum,0
gwsistemas,0
agileecommerce,0
InterageASH,0
developercmatos,0
kevenleone,0
tcnl,0
borapedrao,0
MegPhoto,0
PyLadies-Recife,0
renatogbp,0
filipecmedeiros88,0
labsemente,0
RiSE,0
r0yalss,0
lukpbs,0
ddinarte,0
petronioadm,0
biswon,0
RFormiga,0
EscoreBu,0
FJOS-LF,0
marcioancelmo,0
nuecompany,0
leoamf,0
rafaeladiniz,0
KennedyLins,0
crow-studio,0
geybsonLima,0
rcag2,0
glmoura,0
coal-lang,0
A2-Software-Studio,0
gildoneto,0
rafaelpereirainformata,0
eduardohmrodrigues,0
viniciusCostaLins,0
diegosm3,0
philNorbert,0
bernardo-eita,0
Datametrica,0
emmanuellmota,0
gianpietrodimatteo,0
FEMUGPE,0
exclama,0
rodrigoam22,0
carlos4web,0
pet-informatica,0
janduijorge,0
VictorViana,0
amitcesar,0
CombatOrpheus,0
pabloneves,0
IF977,0
tiagocalisto,0
fernandeshard,0
dudeplz,0
redu,0
gmpaixao,0
frontise,0
tasr,0
Pedalai,0
lmnascimento,0
brunokbcao,0
LucasLJorge,0
edsonjunior,0
luizcordeirosn,0
fulviofalcao,0
cs-felipe-trevisan,0
blogdocafesaude,0
lapediufpe,0
allamolima,0
andrelarruda,0
MarcoAurello,0
rodrigonorat,0
WilsonPortoNeto,0
kiskodev,0
escorel,0
mari988,0
jontateixeira,0
Champsons,0
lfbonato,0
thiagolinsaraujo,0
PaulTolkien,0
nordestinove,0
UnibratecTeam,0
emmanuelsiqueira,0
pauloscr,0
thiagogregorio,0
nodebotsrec,0
yuunchizito,0
murix-technology,0
teulalio,0
xjulius,0
Guloseimas,0
cartello,0
eduardoraro,0
joaquimferraz,0
douglasjfm,0
gabrielbazante,0
jardelhnascimento,0
guilhermegomes01,0
cledsonlima,0
djairvieira,0
MarcusPitang,0
aka90888,0
RichardSilva12,0
tiagoalsilva,0
guardiaum,0
lucasvsr,0
victorhazin,0
allan-mlpe,0
deyvisonrochaidealizza,0
thiagohsramos,0
Idealizza,0
eliene-mb,0
jorgesouza,0
duit,0
tiaoalvino,0
nataliaalves,0
odevezap,0
anniewalker,0
pedrogac22,0
nickdag,0
fjedi9,0
alliance-life,0
dihrodrigoh,0
luau-project,0
carlosherrerazag6,0
DanielBeckman,0
ThiagoVieiracqlt,0
implemente,0
warleyjunior,0
verdanatech,0
gutembergJunior,0
leonardoaraujo85,0
Nigiri,0
kikoespindola,0
necktro,0
Jguidsdevrecife,0
edjordao,0
LabEdmarVictor,0
LeandersonCordeiro,0
hagileprojetos,0
joaoMonte,0
meninababi,0
andrebarros,0
tecnodados,0
hmullermail,0
uandersonricardo,0
ThyagoMC,0
h33lisola,0
AlbuquerqueFitec,0
chrisguerra,0
allanborgespontes,0
tiagocaraujo,0
genomika,0
dssv,0
mv-informatica,0
pdacruz1,0
rodolfops,0
mairaaraujo,0
lucasfcavalcanti,0
Rodris,0
KaoozFreitas,0
cesarsantana2,0
luciosribeiro,0
observatoriosar,0
pontesupe,0
leobrito,0
vmoliveira91,0
Rickardu,0
marcosfbo,0
CycleView,0
erasmojr,0
maurofeitosa,0
jpos2,0
raisamagalhaes,0
EliardoClaudio,0
ftrajano,0
gopaladasa,0
biancadoming0s,0
isacfernando,0
leovc,0
29manuel,0
marcosoliveiradev,0
suruagy,0
GabrielLourenco,0
carmopedroza,0
AndersonPaixaoNascimetno,0
CIRGUPE,0
luizafpa,0
uxpe,0
AccenturePSanches,0
maribandeira,0
Manoeloli,0
jorgelar,0
alexandrebraz,0
pycursos,0
ronalso,0
ThaisFernanda,0
projeto-we-care,0
PetSaude,0
mjagfilho,0
luizafpalira,0
khurama,0
ghbmelo,0
fredcsilva,0
robertojmello,0
ThiagoFerreiraMachado,0
intelivix,0
henriquerebelo,0
popinha13,0
if1015-datascience-ufpe,0
juliovilar,0
Nipponick,0
MartinBalerio,0
queirozsantos,0
abelfaludy,0
arma29,0
RafaelJardim,0
fracmt,0
viniciussantanav,0
romuloslv,0
infoVisGroup,0
rogeriolimabr,0
Leandrogalindo,0
mendoncajessica,0
tarcisioestevam,0
guava,0
cs-alessandra-pereira,0
ImCahu,0
elainexavier,0
sergio6268,0
hellton2,0
andreponce,0
ltertok,0
gustavorecife,0
snowshoe,0
liberalphg,0
FerrazNt,0
desenvolvimentoibgm,0
jvsolucoes,0
RethinkDeployment,0
rlapenda,0
jhlr,0
aricardoreis,0
thienry,0
juliorangel,0
ivojunior,0
davilmaster,0
FelipeMartins96,0
CITi-UFPE,0
Carranca22,0
tarcisiosluna,0
Epitrack,0
Thales28,0
liferaybrasil,0
arthurmagno,0
phsg,0
brunors,0
tisstech-brasil,0
EmersonFreire,0
GPRT,0
quelcmpllo,0
Saber-Tecnologias,0
crystalsantos,0
Mijaru,0
HugoSoares01,0
LivreDigital,0
whyllyan,0
ustore,0
adstec,0
waltonribeiro,0
Joaocara,0
thyagoismael,0
OtavianoM,0
DojoDev,0
hscabral,0
GabrielVanderlei,0
facilit,0
BisaWeb,0
mavydiego2,0
gruporpj,0
manguezal,0
paulofcf,0
julliomendonca,0
imsafetech,0
jasj88,0
romgino,0
cacalado,0
efgs,0
CaioRanyel,0
Lucas269,0
prauebi,0
tecnologiaweb,0
aronsales,0
cowde,0
Musicamise,0
AlfredoSilv,0
lucaswelton,0
adwwconsortium,0
Hashboard,0
rborges79,0
jopherl,0
acoelhods,0
geeknightrecife,0
engsw-gcm-master,0
myualmeida,0
thiagopaz01,0
vicentesimoni,0
quernel,0
MariaLuiza1967,0
paulomartinelli,0
marcelomanchester,0
luizamorimsouza,0
aristideslimajr,0
oumessias,0
hmignite,0
danilopor,0
robertgmelo,0
miguelg4,0
ranoya,0
gugaemc,0
JulianePires,0
roomts,0
diegotomfurtado,0
wololo-tech,0
renanalencar,0
danilobarros18,0
thiagoporb,0
vpalmeira,0
arthurbrdantas,0
paulovgtb,0
alm4,0
bruno-leo,0
dhsm,0
pedro-dreyer,0
r8tecnologia,0
i2mobilesolutions,0
dass-cin,0
hilariopio,0
cavalcantalines,0
angelica1981,0
edupombos,0
heliowap,0
ademilsodream,0
nunesjessica,0
romerorussel,0
wellingtoncabral,0
romendesTW,0
fabiocordeiroaraujo,0
bemind,0
lucianan,0
livyson,0
rafa-br,0
citi-onboarding,0
morrico,0
Aennson,0
tunechijr,0
SingularitySystems,0
wadeandev,0
andresaboia,0
Combogo,0
Luanpcdp,0
itep-pe,0
heycaio,0
tenpestaerodesign,0
To1ur00,0
kcpedrosa,0
malloni,0
vjsl,0
EFTBR,0
BenjamimRodrigo,0
felipetavaresmelo,0
brunomonteiro-pitang,0
mbf1998,0
matheusvfm,0
jacksonraniel,0
ViniFlira,0
lainformatica,0
mesainc,0
abneralcantara,0
edilsonalves,0
Saulo8732,0
rafaelcn1,0
filiphecarvalho,0
gwarah,0
SrWarlock200,0
Webinterativa,0
olavovitor,0
FelipeSQ,0
birut,0
victorxavier,0
brunoharada,0
danieldani1983,0
BananaDigital,0
Aryostto,0
BernardoMontador,0
afluentes,0
eramo-software,0
klaytson,0
avantiaipd,0
wiltonmoreirajr,0
rosilene15,0
makellage,0
gfellype,0
fmsystem,0
somdok7,0
vitoivan,0
LAMFSistemas,0
Makqsi,0
PedroVictorDev,0
andersontrinity,0
comptechsolucoes,0
rafamelima,0
znmC3zBvUaZS1GC1CRns,0
leogoncalves0112,0
alissonmenezes,0
smochin,0
tpresende,0
amorim-cleison,0
fadusi,0
ecsn,0
bernardoreis,0
Ch1c0h,0
henriquexpert,0
amitc77,0
venosyd,0
FredericFerrera,0
jonathan2008r,0
viitra,0
isabarrostw,0
buarquepedro,0
rairangelos,0
portalabsurdo,0
whiteofdark,0
thiagomoch,0
edudelta,0
jeffersonamorim,0
ueduardo,0
leonardotrindade,0
heitorfranca,0
luizlbon,0
DigitalBits,0
brunodarce,0
DevIsola,0
lucdias,0
eduardoemery,0
aldeniolima,0
IkaroSales,0
sflorencio,0
Silop,0
mikeliguedes,0
douglasventura,0
UFPE,0
Manasses-Java,0
isaacdias,0
rafaelborja,0
ThiagoPrime,0
clinica-sim,0
alesefs,0
b2tradingclub,0
NeylorCesar,0
porquin,0
rbertoli99,0
BrunoCamelo,0
joaocarlosdv,0
geekcafe,0
eperazzo,0
eliezerjunioradsw,0
ruliribeiro,0
juarezcruz,0
henriquedapenha,0
dihutus,0
orygens,0
BrunoLeo,0
leoaraujo-royal,0
edax-gemmius,0
henriqueapollo,0
jeffersoncpf,0
ogilvygustavo,0
GuiHebert,0
daniloipubi,0
manoelaugustoc,0
Jeffguitar,0
silvinoneto,0
viniciusjsantanna,0
gustavocabral,0
dfsdaniel,0
vctdiniz,1
otluiz,0
gfads,0
Monaliisa,0
wagnercasino,0
BestDesigners,0
joseanesantos,0
ggcampos,0
hrockcouto,0
eletronic,0
cjmduarte,0
jhonathanmatheus,0
alexmulatinho,0
digitalnativa,0
eudesnoberto,0
somosaponte,0
kimtjs16,0
iamavalon,0
wecarecorp,0
codetimesistemas,0
oliveiramarcello,0
jmachadoaneto,0
jgabrielssilva,0
if710,0
rafaelgibam,0
jorgesouza000,0
heltonsantos,0
tjcm,0
aponte,0
JenniferPayne,0
rsaRodrigoSales,0
EduardoSoares,0
ooerlang,0
gdg-recife,0
azevedoluiz,0
seederwood,0
guilhermecahu,0
italosimoes,0
tbxc,0
ThatyLima,0
leandrorio,0
kauparesque,0
dvnp,0
prgc,0
Openredu,0
kassioribeiro,0
ivalenca,0
gleydsonageu,0
maurojcs,0
Azuirson,0
evercodes,0
RebecaHayanny,0
carlosneander,0
livox,0
antoniovandre,0
abic-ong,0
MarianaSenaBarreto,0
icsouza,0
silviogatisf,0
rwarstat,0
fabianotiagobs,0
flavioasobrinho,0
brunoperruci,0
Danilosouza9612,0
mrmgomes,0
flisolrecife,0
gmenge,0
hugorlima,0
pedroclericuzi,0
cfregis,0
hqlpedro,0
In-Loco-Media,0
avlm,0
prfrancaf,0
Crypttus,0
maykeriibeiro,0
leettech,0
jacscin,0
marcosjppf,0
